,customer_id,probability_not_churned,probability_churned,predicted
0,0864-FVJNJ,0.7127179833378627,0.2872820166621369,0
1,6870-ECSHE,0.8958828299937975,0.10411717000620259,0
2,3452-FLHYD,0.9755426439987192,0.024457356001280663,0
3,1927-QEWMY,0.9975065510347211,0.0024934489652787524,0
4,4872-VXRIL,0.9530035437179691,0.046996456282030634,0
5,8402-EIVQS,0.8320788654044733,0.16792113459552635,0
6,4432-ADRLB,0.5137978822680477,0.4862021177319524,0
7,3027-ZTDHO,0.18164535541986196,0.8183546445801381,1
8,7841-TZDMQ,0.518465020999756,0.48153497900024383,0
9,0848-SOMKO,0.9684789018171371,0.03152109818286289,0
10,0345-HKJVM,0.32943314977351806,0.6705668502264817,1
11,4565-EVZMJ,0.9523215695173133,0.047678430482686586,0
12,5207-PLSTK,0.5013644167146818,0.4986355832853182,0
13,2452-MRMZF,0.9812850660708606,0.018714933929139324,0
14,7603-USHJS,0.5366970164920906,0.4633029835079095,0
15,1855-CFULU,0.9097376774667181,0.09026232253328166,0
16,1101-SSWAG,0.6268596199028668,0.3731403800971334,0
17,6522-YRBXD,0.6817871429625,0.3182128570374999,0
18,5696-QURRL,0.47227491680787137,0.5277250831921286,1
19,6188-UXBBR,0.9654215030558356,0.03457849694416407,0
20,3450-WXOAT,0.8608547454062243,0.1391452545937754,0
21,5277-ZLOOR,0.2020970778616726,0.7979029221383267,1
22,3320-VEOYC,0.27181578318257155,0.7281842168174281,1
23,8133-ANHHJ,0.7865155530326949,0.21348444696730495,0
24,4797-AXPXK,0.6086056177133129,0.39139438228668744,0
25,0048-PIHNL,0.9448037414328239,0.055196258567175846,0
26,7623-HKYRK,0.9531421659247443,0.046857834075255386,0
27,0480-KYJVA,0.998183320395068,0.001816679604931986,0
28,2330-PQGDQ,0.9042551097174918,0.09574489028250772,0
29,1383-EZRWL,0.9335758537722235,0.06642414622777641,0
30,1084-UQCHV,0.19784448815429037,0.8021555118457093,1
31,8003-EWNDZ,0.8548229952044664,0.14517700479553328,0
32,2985-JUUBZ,0.7458516010324386,0.2541483989675611,0
33,8990-ZXLSU,0.6127317380952714,0.3872682619047285,0
34,4445-ZJNMU,0.31821539250596564,0.6817846074940345,1
35,2959-EEXWB,0.8277979370305287,0.17220206296947108,0
36,5743-KHMNA,0.9920740721760231,0.007925927823976837,0
37,8485-GJCDN,0.492630006280009,0.5073699937199909,1
38,7803-XOCCZ,0.8493636336920848,0.15063636630791483,0
39,4184-VODJZ,0.72297334675326,0.2770266532467403,0
40,8815-LMFLX,0.9198012948061883,0.08019870519381155,0
41,0237-YFUTL,0.6910253222057244,0.30897467779427545,0
42,9743-DQKQW,0.3646696077617682,0.6353303922382318,1
43,2615-YVMYX,0.7762828769802625,0.22371712301973745,0
44,1098-KFQEC,0.9909239370661338,0.009076062933866003,0
45,4183-MYFRB,0.534283973331423,0.465716026668577,0
46,2108-GLPQB,0.85368763261819,0.14631236738180983,0
47,3167-SNQPL,0.46397612534979094,0.5360238746502091,1
48,9385-NXKDA,0.9639085479762053,0.03609145202379463,0
49,7963-SHNDT,0.9498656970008973,0.05013430299910247,0
50,8062-YBDOE,0.12362427993107918,0.8763757200689207,1
51,4828-FAZPK,0.5802894644101226,0.41971053558987714,0
52,4312-KFRXN,0.991430270602012,0.008569729397987861,0
53,2239-JALAW,0.697272356606691,0.30272764339330893,0
54,8035-PWSEV,0.34525464372878445,0.6547453562712154,1
55,3457-PQBYH,0.9956069922601624,0.004393007739837526,0
56,5168-MQQCA,0.8435385426837569,0.15646145731624303,0
57,0020-JDNXP,0.9323997272948467,0.06760027270515308,0
58,1302-TPUBN,0.9399175357565226,0.06008246424347724,0
59,6357-JJPQT,0.29301550314442276,0.7069844968555773,1
60,5176-LMJXE,0.9857314173098282,0.014268582690171873,0
61,1088-AUUZZ,0.9711426367133115,0.028857363286688417,0
62,7621-VPNET,0.7467830230266082,0.25321697697339146,0
63,0727-IWKVK,0.41128329440495465,0.5887167055950454,1
64,1728-BQDMA,0.5268252084123785,0.4731747915876215,0
65,4837-QUSFT,0.8955607983223993,0.10443920167760073,0
66,8735-SDUFN,0.9956521395271395,0.004347860472860473,0
67,0750-EKNGL,0.9416862882848427,0.05831371171515684,0
68,1768-ZAIFU,0.2646350594784891,0.7353649405215108,1
69,7542-CYDDM,0.9517579672029537,0.048242032797046024,0
70,5117-IFGPS,0.4086417547928372,0.5913582452071627,1
71,4781-ZXYGU,0.5939884048718806,0.40601159512811924,0
72,2974-GGUXS,0.518284176964851,0.481715823035149,0
73,5624-RYAMH,0.8300466241764383,0.16995337582356151,0
74,2235-EZAIK,0.9731347269063917,0.0268652730936081,0
75,6924-TDGMT,0.9722469267575019,0.027753073242497702,0
76,4983-CLMLV,0.6667959388556168,0.33320406114438283,0
77,2027-FECZV,0.2836734607282098,0.7163265392717899,1
78,0178-SZBHO,0.610652953852966,0.3893470461470339,0
79,6838-HVLXG,0.9540745624248396,0.045925437575160204,0
80,6407-UTSLV,0.24488943024007293,0.7551105697599267,1
81,5924-SNGKP,0.9864723362934015,0.013527663706598313,0
82,3452-SRFEG,0.6872374020124633,0.31276259798753675,0
83,7707-PYBBH,0.9178933667427345,0.08210663325726518,0
84,8401-EMUWF,0.8689544228714466,0.13104557712855305,0
85,7892-QVYKW,0.48659038581815367,0.5134096141818464,1
86,9030-QGZNL,0.9740459998444103,0.02595400015558956,0
87,0877-SDMBN,0.7135989280641265,0.2864010719358735,0
88,6896-SRVYQ,0.5941212569604588,0.40587874303954125,0
89,4566-GOLUK,0.6115573515004088,0.3884426484995908,0
90,5673-TIYIB,0.5581938932867893,0.44180610671321074,0
91,2642-DTVCO,0.30363799839186023,0.6963620016081394,1
92,7047-YXDMZ,0.9603384398571967,0.039661560142802886,0
93,3249-ZPQRG,0.3587357508962095,0.6412642491037905,1
94,1918-ZBFQJ,0.4366462367539093,0.5633537632460908,1
95,3376-BMGFE,0.3517020592978566,0.6482979407021433,1
96,5141-ZUVBH,0.49775171525793843,0.5022482847420615,1
97,2507-QZPQS,0.499272175045119,0.5007278249548809,1
98,7181-BQYBV,0.3027869022369405,0.6972130977630592,1
99,9967-ATRFS,0.9606920950126847,0.039307904987314915,0
100,3086-RUCRN,0.8225678139003211,0.17743218609967848,0
101,6732-FZUGP,0.8587766037201034,0.14122339627989652,0
102,3841-CONLJ,0.34209669098970275,0.6579033090102969,1
103,3978-YNKDD,0.9890748365464443,0.010925163453555611,0
104,4895-TMWIR,0.9368261141741901,0.0631738858258098,0
105,5364-EVNIB,0.45003136926792275,0.5499686307320772,1
106,0587-DMGBH,0.7740510983670222,0.22594890163297796,0
107,7161-DFHUF,0.9885496666290541,0.011450333370945627,0
108,2223-GDSHL,0.9431636150975123,0.05683638490248767,0
109,2088-IEBAU,0.9831617219487615,0.01683827805123853,0
110,1229-RCALF,0.7215628127419401,0.27843718725805977,0
111,0680-DFNNY,0.34584327779160207,0.654156722208398,1
112,2812-SFXMJ,0.7231792572339836,0.27682074276601587,0
113,1728-CXQBE,0.6411670414455705,0.3588329585544293,0
114,6733-LRIZX,0.742154421057316,0.25784557894268356,0
115,2262-SLNVK,0.17064669805608357,0.829353301943916,1
116,4703-MQYKT,0.9858409168671065,0.014159083132893456,0
117,9069-LGEUL,0.8306136925085578,0.1693863074914418,0
118,4210-QFJMF,0.29603481525613884,0.7039651847438612,1
119,0361-HJRDX,0.9875436007111021,0.012456399288897852,0
120,5906-CVLHP,0.9389801769323443,0.061019823067655646,0
121,7008-LZVOZ,0.9794636447508277,0.02053635524917229,0
122,1767-TGTKO,0.6148277149883454,0.3851722850116546,0
123,1015-OWJKI,0.6912547224573717,0.3087452775426278,0
124,3795-CAWEX,0.9572571050913262,0.04274289490867387,0
125,5315-CKEQK,0.8018220267304211,0.1981779732695788,0
126,2359-KMGLI,0.4612652603614968,0.5387347396385032,1
127,1218-VKFPE,0.911542909930292,0.08845709006970816,0
128,9625-QSTYE,0.44860729603915606,0.5513927039608439,1
129,3733-LSYCE,0.5610056332939084,0.4389943667060917,0
130,0899-LIIBW,0.5494713017548879,0.45052869824511205,0
131,5244-IRFIH,0.40877898360695203,0.591221016393048,1
132,6743-HHQPF,0.7792444454202816,0.22075555457971835,0
133,0608-JDVEC,0.9649153783029546,0.03508462169704519,0
134,9415-DPEWS,0.557751564086661,0.44224843591333923,0
135,0201-OAMXR,0.8730260405932051,0.12697395940679448,0
136,8819-ZBYNA,0.871998642848486,0.1280013571515136,0
137,1174-FGIFN,0.6635558396761142,0.33644416032388574,0
138,6959-UWKHF,0.3946732399653151,0.6053267600346849,1
139,8894-JVDCV,0.8584332816332086,0.14156671836679097,0
140,9124-LHCJQ,0.1371311935253024,0.8628688064746973,1
141,2639-UGMAZ,0.7716935899165666,0.2283064100834333,0
142,1273-MTETI,0.24818958451433784,0.7518104154856622,1
143,1628-BIZYP,0.15769338358971458,0.8423066164102854,1
144,3088-LHEFH,0.5680355303078244,0.43196446969217567,0
145,3530-VWVGU,0.9613759097622805,0.038624090237719295,0
146,8232-CTLKO,0.9297232450749463,0.07027675492505377,0
147,5322-TEUJK,0.9381173317634657,0.06188266823653423,0
148,2516-VQRRV,0.2076766465935523,0.7923233534064473,1
149,3091-FYHKI,0.2399671844144122,0.7600328155855877,1
150,9689-PTNPG,0.23920169090463275,0.7607983090953673,1
151,4749-VFKVB,0.4534866912004513,0.5465133087995488,1
152,1400-MMYXY,0.18399721312828954,0.8160027868717101,1
153,9659-QEQSY,0.6446633732950952,0.3553366267049046,0
154,7660-HDPJV,0.13918474784552048,0.8608152521544794,1
155,2621-UDNLU,0.8888085372764499,0.11119146272354966,0
156,3948-XHGNA,0.8083470154494602,0.19165298455053947,0
157,7133-VBDCG,0.7318567284209162,0.26814327157908385,0
158,5188-HGMLP,0.7347391575082882,0.26526084249171156,0
159,8774-GSBUN,0.991430270602012,0.008569729397987861,0
160,7850-VWJUU,0.6867852444375082,0.3132147555624917,0
161,4786-UKSNZ,0.7254181174487703,0.27458188255122945,0
162,3005-TYFRD,0.651661082780888,0.3483389172191117,0
163,9572-WUKSB,0.444821982637707,0.5551780173622931,1
164,9367-TCUYN,0.9522183696718293,0.047781630328170704,0
165,7398-LXGYX,0.7827137650630567,0.21728623493694293,0
166,2143-LJULT,0.9809966089808768,0.019003391019123135,0
167,9940-RHLFB,0.18710239120766917,0.8128976087923305,1
168,9172-ANCRX,0.33198140131102327,0.6680185986889764,1
169,8189-DUKMV,0.8699972833089433,0.13000271669105642,0
170,9837-FWLCH,0.9215359854311231,0.07846401456887679,0
171,0401-WDBXM,0.8702074313241072,0.1297925686758929,0
172,6559-RAKOZ,0.7062623819741499,0.2937376180258504,0
173,6685-XSHHU,0.9880583226848669,0.011941677315133063,0
174,1814-WFGVS,0.97956935659032,0.020430643409680073,0
175,1919-RTPQD,0.6806246866410411,0.3193753133589588,0
176,3415-TAILE,0.578251439841062,0.42174856015893825,0
177,1116-FRYVH,0.9598928226530229,0.04010717734697684,0
178,0612-RTZZA,0.34605437176428444,0.6539456282357154,1
179,0780-XNZFN,0.956835228541935,0.04316477145806493,0
180,0292-WEGCH,0.8188568972058625,0.18114310279413737,0
181,7964-VEXDG,0.6140979371341221,0.3859020628658775,0
182,7328-OWMOM,0.9856604965547434,0.014339503445256328,0
183,5032-MIYKT,0.19443652026801483,0.8055634797319847,1
184,1834-ABKHQ,0.9491155817288401,0.05088441827115977,0
185,4030-VPZBD,0.4420641258946902,0.5579358741053099,1
186,0620-XEFWH,0.8941704618169503,0.10582953818304959,0
187,0440-QEXBZ,0.8860920695361746,0.11390793046382541,0
188,6440-DKQGE,0.9431733715812757,0.056826628418724184,0
189,2234-XADUH,0.8944157271968856,0.10558427280311447,0
190,5656-JAMLX,0.9746340138146331,0.02536598618536662,0
191,3694-GLTJM,0.8208093170279663,0.1791906829720335,0
192,8857-CUPFQ,0.948411430662638,0.05158856933736155,0
193,6585-WCEWR,0.9736816568156741,0.02631834318432581,0
194,8584-KMVXD,0.4712609652781352,0.5287390347218649,1
195,7240-ETPTR,0.4451858067559523,0.5548141932440476,1
196,6479-OAUSD,0.984467836676173,0.015532163323826906,0
197,3474-BAFSJ,0.9423048153935499,0.057695184606449956,0
198,7459-RRWQZ,0.7042914825368513,0.29570851746314825,0
199,5299-RULOA,0.3596007789748339,0.6403992210251661,1
200,7968-QUXNS,0.9013544968454532,0.09864550315454633,0
201,4580-TMHJU,0.8253549635020613,0.1746450364979386,0
202,0196-VULGZ,0.27150751330393275,0.7284924866960671,1
203,8573-CGOCC,0.8241361441077182,0.17586385589228193,0
204,8404-VLQFB,0.9264812522894248,0.0735187477105751,0
205,3557-HTYWR,0.9799944808703084,0.02000551912969136,0
206,4581-LNWUM,0.5967871575578607,0.4032128424421394,0
207,9408-HRXRK,0.6899923739695555,0.3100076260304444,0
208,0067-DKWBL,0.47550813298837186,0.524491867011628,1
209,7552-KEYGT,0.9854431023870371,0.014556897612962796,0
210,3913-FCUUW,0.980141005617987,0.019858994382013013,0
211,1430-SFQSA,0.9031368864668946,0.09686311353310538,0
212,5136-RGMZO,0.8395726938759301,0.16042730612406952,0
213,5644-PDMZC,0.23781665979346728,0.7621833402065324,1
214,9092-GDZKO,0.9377630313487773,0.06223696865122247,0
215,3621-CHYVB,0.8722128121376592,0.12778718786234056,0
216,6164-HAQTX,0.9790972222222223,0.02090277777777778,0
217,9094-AZPHK,0.296789673226311,0.703210326773689,1
218,1241-EZFMJ,0.9927742165912079,0.007225783408791979,0
219,8033-ATFAS,0.8598776507779788,0.1401223492220207,0
220,1179-INLAT,0.8840153423280637,0.11598465767193604,0
221,0329-GTIAJ,0.2710072350674541,0.7289927649325455,1
222,0319-QZTCO,0.5528832762345207,0.44711672376547923,0
223,4530-NDRKU,0.944094842912005,0.05590515708799489,0
224,5716-EZXZN,0.9416599085046755,0.058340091495324244,0
225,4987-GQWPO,0.6764040242221381,0.3235959757778619,0
226,4737-AQCPU,0.9615924104744076,0.03840758952559203,0
227,9739-JLPQJ,0.973651309091262,0.026348690908738006,0
228,2800-VEQXM,0.34849132630522206,0.6515086736947779,1
229,5552-ZNFSJ,0.478914108325633,0.521085891674367,1
230,6194-HBGQN,0.9252460898800656,0.0747539101199341,0
231,8731-WBBMB,0.8676031062756279,0.1323968937243721,0
232,0301-KOBTQ,0.9913297865507913,0.0086702134492089,0
233,8048-DSDFQ,0.7254181174487703,0.27458188255122945,0
234,4525-VZCZG,0.7695576790385696,0.23044232096143039,0
235,2851-MMUTZ,0.9015917710591035,0.09840822894089624,0
236,4199-QHJNM,0.8492783181848986,0.15072168181510115,0
237,9867-JCZSP,0.9840283064524284,0.01597169354757157,0
238,0929-PECLO,0.6904898568252604,0.30951014317473974,0
239,6993-YCOBK,0.8215702375036357,0.17842976249636433,0
240,3503-TYDAY,0.6075589815872928,0.3924410184127073,0
241,5862-BRIXZ,0.9667125122695539,0.03328748773044607,0
242,7037-MTYVW,0.9479611958714419,0.052038804128558235,0
243,9058-MJLZC,0.5551371862277983,0.4448628137722017,0
244,6508-NJYRO,0.9033539097544196,0.0966460902455804,0
245,1309-BXVOQ,0.46953802043166415,0.5304619795683357,1
246,1522-VVDMG,0.425663916953333,0.5743360830466668,1
247,0784-GTUUK,0.9457251932143228,0.05427480678567695,0
248,6202-DYYFX,0.7954005553284424,0.2045994446715573,0
249,4257-GAESD,0.5588904276152078,0.4411095723847924,0
250,5650-VDUDS,0.5198009280849037,0.4801990719150963,0
251,7625-XCQRH,0.4375532192715637,0.5624467807284362,1
252,7967-HYCDE,0.5753821979146783,0.4246178020853214,0
253,0508-SQWPL,0.9765741086936763,0.023425891306323686,0
254,6332-FBZRI,0.9276571405968128,0.07234285940318669,0
255,6408-OTUBZ,0.8722569010338526,0.12774309896614716,0
256,9600-UDOPK,0.6200843777642082,0.3799156222357917,0
257,8642-GVWRF,0.3004918048472039,0.6995081951527959,1
258,5055-MGMGF,0.764158361323423,0.23584163867657718,0
259,4749-OJKQU,0.3024770126729636,0.6975229873270362,1
260,5666-MBJPT,0.9881721655715852,0.011827834428414721,0
261,8690-ZVLCL,0.9782941435304232,0.0217058564695768,0
262,0181-RITDD,0.9107295793607685,0.08927042063923137,0
263,2782-JEEBU,0.7704811465775159,0.22951885342248424,0
264,9033-EOXWV,0.8180442832097785,0.18195571679022154,0
265,4501-UYKBC,0.8490178949743004,0.15098210502569967,0
266,3173-WSSUE,0.9930924755268957,0.006907524473104261,0
267,5756-OZRIO,0.9073128900492696,0.09268710995073003,0
268,2037-XJFUP,0.6699930697243406,0.3300069302756594,0
269,0214-JHPFW,0.9674352285684423,0.03256477143155755,0
270,8017-UVSZU,0.8569464980567093,0.14305350194329036,0
271,3374-PZLXD,0.9209624326702628,0.07903756732973707,0
272,5120-ZBLAI,0.8993126058273917,0.10068739417260822,0
273,1240-KNSEZ,0.5962131198000444,0.4037868801999555,0
274,2189-UXTKY,0.8181028310021925,0.1818971689978074,0
275,7716-YTYHG,0.8359693306001376,0.16403066939986233,0
276,3692-JHONH,0.6142013371476609,0.3857986628523392,0
277,7794-JASDG,0.5062510260600191,0.49374897393998085,0
278,8464-EETCQ,0.9117273033562683,0.08827269664373176,0
279,5339-TJFEK,0.7297879277947856,0.2702120722052143,0
280,1568-BEKZM,0.964931205026296,0.035068794973703875,0
281,7351-KYHQH,0.7378351155716817,0.2621648844283181,0
282,2592-SEIFQ,0.36881884302942447,0.6311811569705754,1
283,9667-TKTVZ,0.575802310997142,0.42419768900285787,0
284,7508-KBIMB,0.883166489096765,0.11683351090323488,0
285,5985-BEHZK,0.8533263804788465,0.14667361952115346,0
286,1051-EQPZR,0.9006446635294226,0.09935533647057727,0
287,4322-RCYMT,0.9416327503546653,0.058367249645334525,0
288,0841-NULXI,0.2357901010810789,0.7642098989189211,1
289,6035-RIIOM,0.7393486263646128,0.2606513736353868,0
290,3419-SNJJD,0.823894526124905,0.17610547387509523,0
291,9927-DSWDF,0.6177949956553054,0.3822050043446946,0
292,7919-ZODZZ,0.8574095298163796,0.14259047018362034,0
293,3179-GBRWV,0.7747128315924846,0.22528716840751511,0
294,8152-VETUR,0.8068612404765391,0.1931387595234609,0
295,2181-TIDSV,0.9962357792862366,0.0037642207137634177,0
296,5380-WJKOV,0.5034188999324793,0.49658110006752054,0
297,5014-WUQMG,0.835572899813574,0.16442710018642603,0
298,1264-FUHCX,0.8198960083337924,0.18010399166620755,0
299,9754-CLVZW,0.7637587020005852,0.23624129799941507,0
300,8242-SOQUO,0.3211772593964807,0.6788227406035194,1
301,7636-OWBPG,0.6296177221633222,0.37038227783667743,0
302,5671-RQRLP,0.7943071490601463,0.20569285093985332,0
303,3096-GKWEB,0.44016583852493235,0.5598341614750677,1
304,2320-SLKMB,0.8065611996132614,0.19343880038673839,0
305,5206-HPJKM,0.7622180772902857,0.23778192270971385,0
306,1894-IGFSG,0.5543041002360919,0.44569589976390817,0
307,8887-IPQNC,0.6535367253832075,0.3464632746167925,0
308,9117-SHLZX,0.4353065294309463,0.5646934705690536,1
309,4572-DVCGN,0.43848357690203504,0.5615164230979649,1
310,5707-ORNDZ,0.7140873866554353,0.2859126133445647,0
311,6837-BJYDQ,0.8974567290023654,0.10254327099763418,0
312,6650-BWFRT,0.9789978546981394,0.02100214530186051,0
313,9282-IZGQK,0.14503713667800544,0.8549628633219943,1
314,1492-KGETH,0.9190061824876676,0.08099381751233188,0
315,6122-EFVKN,0.9261017023802225,0.07389829761977748,0
316,3125-RAHBV,0.9842647554436798,0.015735244556319906,0
317,6618-RYATB,0.12936791944462359,0.8706320805553761,1
318,6360-SVNWV,0.6359141434896937,0.3640858565103059,0
319,9337-SRRNI,0.9846077326890333,0.015392267310966705,0
320,2302-ANTDP,0.6702136065500655,0.3297863934499345,0
321,7016-NVRIC,0.7848086540905653,0.2151913459094343,0
322,2235-DWLJU,0.38119480953705726,0.6188051904629428,1
323,1657-DYMBM,0.9728391317987977,0.027160868201202268,0
324,1047-NNCBF,0.710277776099232,0.28972222390076746,0
325,6897-UUBNU,0.8112638557087198,0.18873614429127974,0
326,0576-WNXXC,0.37623603396123434,0.6237639660387656,1
327,8878-RYUKI,0.7956237901223113,0.20437620987768895,0
328,9360-AHGNL,0.7768565138984721,0.2231434861015279,0
329,9610-WCESF,0.8961276047058863,0.10387239529411389,0
330,6845-RGTYS,0.7451946271492816,0.2548053728507184,0
331,2215-ZAFGX,0.32040410403128,0.6795958959687195,1
332,7579-KKLOE,0.9783959235526112,0.021604076447388695,0
333,1373-ORVIZ,0.7157028658719543,0.2842971341280456,0
334,4335-BSMJS,0.9874328867835339,0.01256711321646602,0
335,4644-OBGFZ,0.9592231893009522,0.04077681069904754,0
336,5480-XTFFL,0.9784345409094278,0.021565459090572062,0
337,9725-SCPZG,0.2506218132981428,0.7493781867018572,1
338,9500-LTVBP,0.7691370080876377,0.23086299191236198,0
339,2466-FCCPT,0.9589812562697811,0.04101874373021866,0
340,9039-ZVJDC,0.820978555133117,0.1790214448668832,0
341,0883-EIBTI,0.8823083998908566,0.11769160010914347,0
342,1450-GALXR,0.24993596053682268,0.7500640394631773,1
343,0678-RLHVP,0.7532386288499011,0.2467613711500984,0
344,5685-IIXLY,0.35538437172979104,0.6446156282702087,1
345,8246-SHFGA,0.9407187198070354,0.05928128019296448,0
346,1682-VCOIO,0.9894918171361998,0.010508182863800057,0
347,8024-XNAFQ,0.9533170553174096,0.0466829446825901,0
348,4315-MURBD,0.34908642071983864,0.6509135792801612,1
349,7054-LGEQW,0.4624044750691573,0.5375955249308428,1
350,9488-FYQAU,0.8800748338756849,0.11992516612431504,0
351,4797-MIWUM,0.9248823166652312,0.07511768333476854,0
352,9514-JDSKI,0.3636042631913603,0.6363957368086397,1
353,2452-KDRRH,0.7363992619019409,0.26360073809805873,0
354,7369-TRPFD,0.953263531805615,0.0467364681943848,0
355,8851-RAGOV,0.9258645705491326,0.07413542945086701,0
356,1705-GUHPV,0.9874279992403077,0.01257200075969237,0
357,1686-STUHN,0.9742275621739717,0.02577243782602808,0
358,4504-YOULA,0.8449183169100472,0.15508168308995252,0
359,5275-SQEIZ,0.1794117425470203,0.8205882574529795,1
360,5917-HBSDW,0.9213260782354566,0.07867392176454295,0
361,9637-EIHEQ,0.5602760504029103,0.43972394959708977,0
362,3030-YZADT,0.7535612790717443,0.24643872092825558,0
363,7354-OIJLX,0.4059219096859488,0.5940780903140513,1
364,2085-BOJKI,0.62190765504764,0.3780923449523599,0
365,5727-MYATE,0.9834658234487903,0.01653417655120976,0
366,6923-AQONU,0.9957866587056633,0.004213341294336621,0
367,8158-WPEZG,0.6224217615044456,0.37757823849555416,0
368,1360-JYXKQ,0.7349461780464178,0.26505382195358196,0
369,4819-HJPIW,0.7452009577199413,0.2547990422800583,0
370,2237-ZFSMY,0.7722039461828659,0.22779605381713405,0
371,8755-OGKNA,0.9767062506406706,0.023293749359329142,0
372,1163-VIPRI,0.8282699653666101,0.17173003463338976,0
373,2607-DHDAK,0.9935315830195404,0.006468416980459683,0
374,8224-DWCKX,0.45883289967366786,0.5411671003263322,1
375,0082-LDZUE,0.46061012800695067,0.5393898719930494,1
376,3810-PJUHR,0.9987164750957853,0.0012835249042145594,0
377,8327-WKMIE,0.9908841450055248,0.009115854994475099,0
378,7240-FQLHE,0.5143332568655755,0.4856667431344243,0
379,6661-EIPZC,0.8047032014527566,0.19529679854724338,0
380,9357-UJRUN,0.8373586679291875,0.1626413320708126,0
381,2207-QPJED,0.6292436517529114,0.3707563482470885,0
382,1223-UNPKS,0.9975112576361446,0.002488742363855338,0
383,0282-NVSJS,0.678420855167092,0.32157914483290767,0
384,4480-QQRHC,0.4183657770058556,0.5816342229941445,1
385,1568-LJSZU,0.971541876312008,0.0284581236879921,0
386,1965-AKTSX,0.30563033301096487,0.6943696669890351,1
387,3393-FMZPV,0.4102877234766262,0.5897122765233737,1
388,0390-DCFDQ,0.20033359202676432,0.7996664079732355,1
389,9647-ERGBE,0.45267569283575027,0.5473243071642497,1
390,3162-KKZXO,0.6550318214994957,0.344968178500504,0
391,9617-INGJY,0.21856592912061007,0.7814340708793895,1
392,3050-GBUSH,0.4321174690401223,0.5678825309598776,1
393,9620-QJREV,0.9811834579923169,0.018816542007682947,0
394,8873-GLDMH,0.33632537142689756,0.6636746285731023,1
395,5542-NKVRU,0.9933114566638125,0.006688543336187653,0
396,0268-QKIWO,0.7840256658904978,0.21597433410950195,0
397,9853-JFZDU,0.882792168533474,0.11720783146652573,0
398,3030-YDNRM,0.3631993418658162,0.6368006581341837,1
399,8849-GYOKR,0.7607943788095782,0.2392056211904215,0
400,2796-UUZZO,0.854882951831837,0.145117048168163,0
401,4132-KALRO,0.26567455850739113,0.734325441492609,1
402,9577-WJVCQ,0.9281690216740537,0.07183097832594625,0
403,2228-BZDEE,0.9746387065737371,0.025361293426262952,0
404,7078-NVFAM,0.7047459828624545,0.2952540171375452,0
405,1875-QIVME,0.25804238602668866,0.7419576139733114,1
406,7479-NITWS,0.40797500275415083,0.5920249972458492,1
407,3763-GCZHZ,0.6799891106989883,0.3200108893010119,0
408,5494-HECPR,0.13013014178653023,0.8698698582134695,1
409,1970-KKFWL,0.9838294126841169,0.01617058731588296,0
410,8350-NYMVI,0.8585339385996804,0.14146606140031948,0
411,1576-PFZIW,0.9137429577926277,0.08625704220737226,0
412,5061-PBXFW,0.9294366678413526,0.07056333215864684,0
413,1481-ZUWZA,0.7714653351515188,0.22853466484848098,0
414,9896-UYMIE,0.8036345300561533,0.19636546994384665,0
415,4667-QONEA,0.8995823505919671,0.10041764940803248,0
416,3724-UCSHY,0.9250596344044699,0.07494036559552991,0
417,4822-LPTYJ,0.7914737012994714,0.20852629870052886,0
418,1396-QWFBJ,0.6386683081679989,0.36133169183200115,0
419,3635-JBPSG,0.8226860686434928,0.1773139313565072,0
420,8212-DJRCH,0.46524596568193816,0.5347540343180617,1
421,8120-JDCAM,0.4218028291621757,0.5781971708378241,1
422,9732-EQMWY,0.6103681256965386,0.38963187430346125,0
423,7909-FIOIY,0.7708689037922777,0.22913109620772207,0
424,7270-BDIOA,0.5696894691042993,0.4303105308957007,0
425,2542-HYGIQ,0.6997471200437857,0.3002528799562145,0
426,0829-XXPLX,0.6306401351208191,0.36935986487918093,0
427,2034-CGRHZ,0.49338884725770815,0.5066111527422918,1
428,9878-TNQGW,0.2317324813723392,0.7682675186276604,1
429,9355-NPPFS,0.45967418318760594,0.5403258168123941,1
430,2207-RYYRL,0.9748836168503126,0.025116383149687435,0
431,8474-UMLNT,0.8128891054306151,0.1871108945693847,0
432,0750-EBAIU,0.840104950665232,0.15989504933476809,0
433,6265-FRMTQ,0.9908820305431254,0.00911796945687457,0
434,6921-OZMFH,0.6938530872390536,0.3061469127609464,0
435,6734-CKRSM,0.8825300154350066,0.11746998456499329,0
436,5236-XMZJY,0.889020179694847,0.11097982030515245,0
437,8404-VIOMB,0.9853526171833213,0.014647382816678767,0
438,9633-XQABV,0.4137017523011623,0.5862982476988379,1
439,1867-TJHTS,0.8249203143562753,0.1750796856437244,0
440,7182-OVLBJ,0.8460277090278248,0.1539722909721753,0
441,9762-YAQAA,0.8696559538099795,0.13034404619002013,0
442,0979-PHULV,0.7345189879813273,0.2654810120186729,0
443,4189-NAKJS,0.9024853182930884,0.09751468170691177,0
444,3847-BAERP,0.9384209649558869,0.061579035044112815,0
445,3694-DELSO,0.593689338559698,0.4063106614403019,0
446,5453-YBTWV,0.9526277928444236,0.04737220715557635,0
447,5846-NEQVZ,0.9786661416115959,0.021333858388403962,0
448,2220-IAHLS,0.7595830391996187,0.24041696080038114,0
449,3806-DXQOM,0.5033911343171115,0.49660886568288853,0
450,8966-OIQHG,0.9755379183576934,0.02446208164230658,0
451,4480-MBMLB,0.6863991496064402,0.31360085039355967,0
452,4860-IJUDE,0.6008239799692623,0.3991760200307378,0
453,7717-BICXI,0.9860355079148181,0.01396449208518174,0
454,6400-BWQKW,0.5556294648993461,0.44437053510065394,0
455,0487-RPVUM,0.8420418609670196,0.15795813903298034,0
456,5334-JLAXU,0.7835519523055307,0.21644804769446938,0
457,3329-WDIOK,0.436257261244078,0.563742738755922,1
458,3594-BDSOA,0.9709984562662047,0.029001543733795015,0
459,6885-PKOAM,0.9911926078449159,0.008807392155084104,0
460,9308-ANMVE,0.8310361340986148,0.16896386590138518,0
461,6352-GIGGQ,0.8854594380400187,0.11454056195998152,0
462,5469-CTCWN,0.7233724836124735,0.2766275163875267,0
463,2380-DAMQP,0.9483925828247926,0.051607417175207414,0
464,6752-APNJL,0.8674114306341039,0.132588569365896,0
465,6633-MPWBS,0.6333132073636303,0.36668679263636966,0
466,5248-KWLAR,0.976586749887508,0.02341325011249196,0
467,3811-VBYBZ,0.1777388765804699,0.8222611234195302,1
468,0019-EFAEP,0.9321883049742464,0.06781169502575358,0
469,7695-PKLCZ,0.9966939053470755,0.00330609465292444,0
470,3913-RDSJZ,0.9956300862094739,0.004369913790526046,0
471,0748-RDGGM,0.8021587124765069,0.19784128752349323,0
472,8123-QBNAZ,0.7032663646405539,0.29673363535944597,0
473,4458-KVRBJ,0.9656167395214017,0.03438326047859829,0
474,3162-ZJZFU,0.7494768568914671,0.25052314310853263,0
475,4893-GYUJU,0.9522315734726816,0.04776842652731823,0
476,0533-UCAAU,0.8710092637261875,0.12899073627381227,0
477,4837-PZTIC,0.9599315330259097,0.040068466974090194,0
478,9548-LERKT,0.9891790688024426,0.010820931197557473,0
479,6374-NTQLP,0.9333681422550604,0.06663185774493935,0
480,1518-VOWAV,0.779431490593069,0.22056850940693093,0
481,0479-HMSWA,0.7152390280100244,0.2847609719899755,0
482,4833-QTJNO,0.8195999321167838,0.18040006788321614,0
483,2208-MPXIO,0.9862443243886105,0.013755675611389594,0
484,6221-AVQYL,0.3147310924669048,0.685268907533095,1
485,9342-VNIMQ,0.8299316148582974,0.1700683851417023,0
486,8532-UEFWH,0.9825772561417777,0.01742274385822206,0
487,5216-WASFJ,0.39114734204057183,0.6088526579594282,1
488,5174-ITUMV,0.624764498868165,0.37523550113183496,0
489,5553-AOINX,0.6617138789284305,0.3382861210715695,0
490,0958-YHXGP,0.5024625299576992,0.4975374700423007,0
491,8947-YRTDV,0.8876712529276799,0.11232874707232013,0
492,5222-IMUKT,0.6058269677461917,0.3941730322538083,0
493,7663-CUXZB,0.8227685369805801,0.1772314630194197,0
494,6032-KRXXO,0.5742416545329281,0.42575834546707175,0
495,4193-IBKSW,0.9992963853468427,0.000703614653157357,0
496,3898-GUYTS,0.7257881534156643,0.2742118465843355,0
497,3890-RTCMS,0.7021055176426576,0.2978944823573422,0
498,3316-UWXUY,0.8556907441544489,0.14430925584555096,0
499,1699-UOTXU,0.9633723596820272,0.03662764031797242,0
500,1757-TCATG,0.9955395205138458,0.004460479486154215,0
501,3556-BVQGL,0.9812438259415611,0.01875617405843854,0
502,6051-PTVNS,0.9565405773429009,0.0434594226570988,0
503,0056-EPFBG,0.9513826780776976,0.04861732192230225,0
504,5628-RKIFK,0.6897461036202135,0.31025389637978645,0
505,2205-YMZZJ,0.27614156857739297,0.7238584314226066,1
506,6101-IMRMM,0.39791620984857146,0.6020837901514284,1
507,1325-USMEC,0.9142467037614531,0.08575329623854692,0
508,5968-XQIVE,0.7662206460814012,0.2337793539185989,0
509,9499-XPZXM,0.9593122362846566,0.04068776371534311,0
510,2207-NHRJK,0.5610996146560743,0.438900385343926,0
511,0516-OOHAR,0.8045031512259017,0.19549684877409831,0
512,4223-BKEOR,0.9158003969120666,0.08419960308793303,0
513,2277-AXSDC,0.9717787172604959,0.028221282739503983,0
514,9261-WDCAF,0.5746320041166384,0.4253679958833618,0
515,7639-OPLNG,0.982385218801668,0.017614781198331896,0
516,4077-HWUYD,0.9839147597964164,0.01608524020358379,0
517,8840-DQLGN,0.7096934064531395,0.29030659354686006,0
518,8000-REIQB,0.14059865694343088,0.859401343056569,1
519,5995-LFTLE,0.9561859882919544,0.04381401170804537,0
520,3946-JEWRQ,0.7904072417105736,0.2095927582894263,0
521,1843-TLSGD,0.9808695232117154,0.01913047678828442,0
522,0616-ATFGB,0.34408084099550384,0.6559191590044962,1
523,1597-FZREH,0.6335844624263298,0.36641553757367,0
524,1548-ARAGG,0.5927756941707188,0.4072243058292811,0
525,2786-GCDPI,0.5015698319488097,0.49843016805119034,0
526,2694-CIUMO,0.5125537210375386,0.48744627896246157,0
527,8267-KFGYD,0.7626547300467112,0.23734526995328842,0
528,2474-BRUCM,0.6952915028211073,0.3047084971788924,0
529,1150-FTQGN,0.9213624791844167,0.07863752081558344,0
530,2525-GVKQU,0.9640538722188758,0.03594612778112407,0
531,2419-FSORS,0.8843537478543843,0.11564625214561548,0
532,2805-AUFQN,0.9927779085040841,0.007222091495915898,0
533,5206-XZZQI,0.841697530353579,0.15830246964642072,0
534,3518-PZXZQ,0.3732806885969767,0.6267193114030233,1
535,4929-XIHVW,0.17053879893032348,0.8294612010696766,1
536,7426-WEIJX,0.7814160848928645,0.21858391510713526,0
537,7977-HXJKU,0.9786217048921562,0.021378295107843656,0
538,8779-QRDMV,0.22969532808597465,0.7703046719140252,1
539,5915-DGNVC,0.9147317899536281,0.0852682100463716,0
540,2120-SMPEX,0.9511104297227466,0.048889570277253,0
541,0506-LVNGN,0.3848235340031303,0.6151764659968698,1
542,5850-BDWCY,0.9418191379061033,0.05818086209389659,0
543,4881-JVQOD,0.5484890304187916,0.4515109695812083,0
544,5288-AHOUP,0.3741356821732901,0.6258643178267097,1
545,0354-WYROK,0.5892490294920263,0.4107509705079736,0
546,1025-FALIX,0.730108269353506,0.2698917306464933,0
547,3707-GNWHM,0.18048757996362624,0.8195124200363734,1
548,8763-KIAFH,0.9802935074478926,0.019706492552107418,0
549,5502-RLUYV,0.6062991962363917,0.39370080376360833,0
550,1722-LDZJS,0.9779698084399577,0.022030191560042177,0
551,1135-HIORI,0.6561570651637229,0.34384293483627715,0
552,9741-YLNTD,0.3232275862639414,0.6767724137360582,1
553,6490-FGZAT,0.940520425211998,0.05947957478800157,0
554,7128-GGCNO,0.7208947768935203,0.27910522310647917,0
555,2692-BUCFV,0.5861850116997819,0.41381498830021807,0
556,5181-OABFK,0.9643692222291605,0.03563077777083937,0
557,9518-RWHZL,0.7918429480935232,0.20815705190647646,0
558,4946-EDSEW,0.8664417347263683,0.13355826527363157,0
559,2792-LSHWX,0.4016974324818285,0.5983025675181713,1
560,0298-XACET,0.9380762423610747,0.061923757638924985,0
561,0519-DRGTI,0.9684057330241734,0.03159426697582635,0
562,3410-YOQBQ,0.9601812359186473,0.0398187640813526,0
563,5572-ZDXHY,0.6922465578902687,0.3077534421097313,0
564,6624-JDRDS,0.6290686964056865,0.3709313035943136,0
565,9800-OUIGR,0.995584134634592,0.004415865365408069,0
566,9787-XVQIU,0.12644177885730787,0.8735582211426918,1
567,8414-MYSHR,0.3026102785855003,0.6973897214144994,1
568,9648-BCHKM,0.9716856640769146,0.02831433592308539,0
569,3097-NQYSN,0.20586354581475955,0.7941364541852404,1
570,0666-UXTJO,0.5553797451554667,0.4446202548445332,0
571,5760-WRAHC,0.8464953855284862,0.15350461447151392,0
572,0428-IKYCP,0.6718672760150488,0.32813272398495125,0
573,5702-SKUOB,0.8590672101986552,0.1409327898013444,0
574,0409-WTMPL,0.7497004627862822,0.25029953721371795,0
575,3460-TJBWI,0.9743669950359996,0.02563300496400029,0
576,3951-NJCVI,0.43846242631426063,0.5615375736857394,1
577,6627-CFOSN,0.7295893055290441,0.27041069447095567,0
578,5546-BYZSM,0.9201874123148643,0.07981258768513545,0
579,2164-SOQXL,0.9724984458668863,0.027501554133113514,0
580,2876-GZYZC,0.40967067233015547,0.5903293276698445,1
581,6619-RPLQZ,0.9922830667495695,0.007716933250430371,0
582,4822-NGOCH,0.4054508267700405,0.5945491732299597,1
583,2432-TFSMK,0.7391731017608058,0.26082689823919447,0
584,0003-MKNFE,0.7762898066200864,0.22371019337991357,0
585,6198-PNNSZ,0.7650158159263768,0.23498418407362337,0
586,5302-BDJNT,0.6434237458914764,0.35657625410852367,0
587,0635-WKOLD,0.9222583613006547,0.07774163869934507,0
588,6080-LNESI,0.9698677101592078,0.030132289840792317,0
589,7576-JMYWV,0.7110862456776986,0.2889137543223008,0
590,7434-SHXLS,0.6737029027948472,0.3262970972051528,0
591,6705-LNMDD,0.8356723472473039,0.1643276527526957,0
592,5228-EXCET,0.4296158190689768,0.5703841809310233,1
593,6253-GNHWH,0.9730807479661572,0.026919252033842753,0
594,3261-CQXOL,0.9986532776458685,0.0013467223541314246,0
595,9766-HGEDE,0.9141499227296918,0.0858500772703085,0
596,1450-SKCVI,0.6440234271289741,0.355976572871026,0
597,0023-XUOPT,0.41164159543199347,0.5883584045680067,1
598,2581-VKIRT,0.9580700222111039,0.04192997778889582,0
599,8808-ELEHO,0.3147321023610693,0.6852678976389305,1
600,4706-AXVKM,0.34151453294867884,0.658485467051321,1
601,1641-RQDAY,0.4631284436212436,0.5368715563787564,1
602,0258-NOKBL,0.3663263740285555,0.6336736259714444,1
603,6341-JVQGF,0.9331690144793312,0.06683098552066866,0
604,7109-MFBYV,0.8105907057240977,0.18940929427590217,0
605,4423-YLHDV,0.5559717750888612,0.44402822491113886,0
606,7493-GVFIO,0.964409731996234,0.035590268003766086,0
607,7301-ABVAD,0.9845383787648372,0.015461621235162832,0
608,5923-GXUOC,0.3723468017908688,0.627653198209131,1
609,6855-VLGOS,0.9779673711013882,0.022032628898611527,0
610,9050-QLROH,0.6102278288966227,0.38977217110337725,0
611,9480-BQJEI,0.8731680808085696,0.12683191919143005,0
612,7596-IIWYC,0.9940389041611017,0.005961095838898331,0
613,7011-CVEUC,0.7141020103839384,0.2858979896160616,0
614,0516-QREYC,0.9532058815993102,0.04679411840068956,0
615,1730-ZMAME,0.4749248392586466,0.5250751607413534,1
616,0420-TXVSG,0.9675931104723687,0.03240688952763098,0
617,7294-TMAOP,0.16951933850860396,0.8304806614913959,1
618,3452-GWUIN,0.40865423811779783,0.5913457618822022,1
619,1262-OPMFY,0.4833024310007972,0.5166975689992028,1
620,2506-TNFCO,0.12416381527261011,0.8758361847273897,1
621,0014-BMAQU,0.946650659333134,0.053349340666865946,0
622,1391-UBDAR,0.5568398018938586,0.44316019810614127,0
623,6339-RZCBJ,0.9634052257582976,0.03659477424170215,0
624,1015-JPFYW,0.9591602464107122,0.0408397535892874,0
625,6319-IEJWJ,0.5049069735277422,0.4950930264722579,0
626,2636-SJDOU,0.907052865888164,0.09294713411183528,0
627,9609-BENEA,0.9062218364867146,0.09377816351328509,0
628,8544-JNBOX,0.9825631867163169,0.01743681328368292,0
629,6023-YEBUP,0.1736579741945592,0.8263420258054404,1
630,2805-EDJPQ,0.8860775949993064,0.11392240500069323,0
631,9224-VTYID,0.9731718550060584,0.026828144993941466,0
632,1934-SJVJK,0.7227990698297226,0.277200930170277,0
633,2979-SXESE,0.4821734265152624,0.5178265734847376,1
634,3721-WKIIL,0.9828224056095414,0.017177594390458576,0
635,8809-RIHDD,0.8414535266043335,0.15854647339566663,0
636,0872-NXJYS,0.41083741448678224,0.5891625855132179,1
637,4079-VTGLK,0.862112465290373,0.1378875347096266,0
638,2325-ZUSFD,0.9447635639825743,0.05523643601742576,0
639,7767-UXAGJ,0.46557988678570367,0.5344201132142962,1
640,1335-MXCSE,0.9007721294911416,0.09922787050885834,0
641,9115-YQHGA,0.8657954462079175,0.13420455379208246,0
642,0236-HFWSV,0.3793062652710518,0.6206937347289481,1
643,5687-DKDTV,0.9219907291904998,0.07800927080950008,0
644,9489-UTFKA,0.7648597400410324,0.23514025995896756,0
645,8738-JOKAR,0.9415664024309649,0.05843359756903486,0
646,0468-YRPXN,0.7374321942632993,0.26256780573670047,0
647,7932-WPTDS,0.29083767644465924,0.7091623235553405,1
648,8650-RHRKE,0.3309465017369098,0.6690534982630899,1
649,1213-NGCUN,0.6732424401875441,0.32675755981245563,0
650,4973-RLZVI,0.9404572286627326,0.059542771337267125,0
651,0378-NHQXU,0.5066802759913812,0.49331972400861873,0
652,7273-TEFQD,0.3102983980000174,0.6897016019999826,1
653,6732-VAILE,0.9924873282909086,0.007512671709091538,0
654,6211-WWLTF,0.9309170050872139,0.06908299491278569,0
655,7979-CORPM,0.7024416471927734,0.29755835280722687,0
656,4424-TKOPW,0.14627136886369327,0.8537286311363063,1
657,7306-YDSOI,0.9750639859660493,0.024936014033950668,0
658,7107-UBYKY,0.9577192568264232,0.042280743173576746,0
659,4801-JZAZL,0.6283181307608793,0.3716818692391207,0
660,2040-OBMLJ,0.8935879302312394,0.1064120697687604,0
661,3882-IYOIJ,0.9324955753095678,0.067504424690432,0
662,6960-HVYXR,0.19210846106098065,0.8078915389390187,1
663,5384-ZTTWP,0.9250459065013943,0.07495409349860567,0
664,5018-LXQQG,0.9250103465031633,0.07498965349683648,0
665,8949-JTMAY,0.664958014932995,0.3350419850670046,0
666,4918-FYJNT,0.7310266167330763,0.26897338326692366,0
667,2123-VSCOT,0.9733421667448617,0.02665783325513839,0
668,0134-XWXCE,0.8610777442571496,0.1389222557428501,0
669,2969-VAPYH,0.9352143827709597,0.06478561722904001,0
670,0254-FNMCI,0.9059144392053068,0.09408556079469314,0
671,0956-ACVZC,0.8309812764546565,0.16901872354534325,0
672,9943-VSZUV,0.7605074982192739,0.23949250178072606,0
673,2672-HUYVI,0.30689411341178496,0.6931058865882146,1
674,4291-HPAXL,0.6655418217432201,0.33445817825677954,0
675,0303-UNCIP,0.9484565585305689,0.05154344146943113,0
676,5088-QZLRL,0.7299871188839835,0.2700128811160164,0
677,6807-SIWJI,0.7220778956138773,0.2779221043861225,0
678,8111-SLLHI,0.46034270106413383,0.5396572989358662,1
679,2243-FNMMI,0.9380895396190689,0.061910460380930885,0
680,4976-LNFVV,0.6306440784535793,0.36935592154642044,0
681,5073-RZGBK,0.9248531658528321,0.07514683414716754,0
682,6211-WHMYA,0.7014735160201974,0.2985264839798026,0
683,5197-PYEPU,0.8709405256597759,0.1290594743402239,0
684,7330-WZLNC,0.3044634168102464,0.6955365831897535,1
685,4625-LAMOB,0.9968809694467268,0.0031190305532732493,0
686,0906-QVPMS,0.9735881350767782,0.02641186492322174,0
687,2480-EJWYP,0.7305710437760153,0.2694289562239847,0
688,5312-IRCFR,0.7323288799246022,0.26767112007539795,0
689,4815-YOSUK,0.890316813164459,0.10968318683554062,0
690,4373-MAVJG,0.45065008351242974,0.5493499164875703,1
691,1360-RCYRT,0.7181171466593372,0.28188285334066276,0
692,6689-KXGBO,0.55188429148166,0.4481157085183402,0
693,2430-RRYUW,0.9422602403102287,0.05773975968977124,0
694,6179-GJPSO,0.727204081623144,0.2727959183768558,0
695,9509-MPYOD,0.986304637993334,0.013695362006665887,0
696,1987-AUELQ,0.9944056216445429,0.005594378355456824,0
697,1397-XKKWR,0.7455881158501022,0.2544118841498975,0
698,4529-CKBCL,0.23519328875234657,0.7648067112476532,1
699,4513-CXYIX,0.9005475574583828,0.09945244254161706,0
700,8221-EQDGL,0.9016983034442978,0.09830169655570181,0
701,9755-JHNMN,0.9529163553585362,0.047083644641463654,0
702,4396-KLSEH,0.8395884784622081,0.16041152153779173,0
703,2662-NNTDK,0.9348550890647838,0.06514491093521588,0
704,6961-VCPMC,0.5160068699080743,0.4839931300919257,0
705,2626-VEEWG,0.9822775245779819,0.017722475422018123,0
706,5404-GGUKR,0.6377047989186124,0.3622952010813874,0
707,4195-SMMNX,0.9226387554160549,0.07736124458394487,0
708,5027-QPKTE,0.48358934534515974,0.5164106546548404,1
709,1684-FLBGS,0.8868126459877342,0.11318735401226566,0
710,4994-OBRSZ,0.9168595377682397,0.08314046223176001,0
711,1086-LXKFY,0.17737337103683956,0.8226266289631602,1
712,3489-VSFRD,0.908210476615989,0.09178952338401074,0
713,1226-JZNKR,0.8915757747467319,0.108424225253268,0
714,4911-BANWH,0.6635627986011712,0.33643720139882893,0
715,0562-FGDCR,0.976589160145632,0.023410839854367867,0
716,7495-OOKFY,0.3883624316644172,0.6116375683355828,1
717,1047-RNXZV,0.9793527501737078,0.02064724982629217,0
718,1525-LNLOJ,0.9635081784540201,0.03649182154597972,0
719,6168-YBYNP,0.5513977333714947,0.4486022666285053,0
720,1897-OKVMW,0.9724065152708663,0.027593484729133855,0
721,8823-RLPWL,0.9420967808945752,0.057903219105424855,0
722,5360-LJCNJ,0.7841001398279248,0.21589986017207533,0
723,0263-FJTQO,0.9670985307597335,0.03290146924026614,0
724,9839-ETQOE,0.7399154652430824,0.2600845347569174,0
725,3160-TYXLT,0.7970631573323278,0.2029368426676717,0
726,8606-CIQUL,0.9694055138638851,0.03059448613611499,0
727,8634-MPHTR,0.46749919939979045,0.5325008006002095,1
728,9150-HEPMB,0.9538848692317149,0.04611513076828506,0
729,9945-PSVIP,0.9480945886988882,0.051905411301111835,0
730,5641-DMBFJ,0.9420954395587384,0.05790456044126148,0
731,0623-EJQEG,0.8382699933495047,0.16173000665049486,0
732,4254-QPEDE,0.9621052022254594,0.03789479777454055,0
733,8788-DOXSU,0.9379993100938685,0.06200068990613123,0
734,3002-WQZWT,0.5402267462969562,0.459773253703044,0
735,4710-NKCAW,0.7337842467514767,0.26621575324852276,0
736,4824-GUCBY,0.6141583282873124,0.3858416717126873,0
737,9907-SWKKF,0.48774681351557964,0.5122531864844203,1
738,1285-OKIPP,0.1401492598733344,0.8598507401266653,1
739,5944-UGLLK,0.8976087116509617,0.10239128834903825,0
740,5406-KGRMX,0.962705380691746,0.037294619308253604,0
741,0867-LDTTC,0.687224629032832,0.3127753709671678,0
742,5857-XRECV,0.8870024345849629,0.11299756541503721,0
743,2676-OXPPQ,0.7400010475163835,0.25999895248361626,0
744,3703-TTEPD,0.853157203562527,0.14684279643747242,0
745,0939-EREMR,0.7359179089474642,0.2640820910525358,0
746,0744-GKNGE,0.8594308577481798,0.1405691422518197,0
747,5627-TVBPP,0.9820329423540076,0.017967057645992254,0
748,2038-OEQZH,0.3439571106567506,0.6560428893432494,1
749,6771-XWBDM,0.6564080917190473,0.3435919082809524,0
750,2843-CQMEG,0.8479799536109163,0.1520200463890834,0
751,7696-AMHOD,0.9104392427187229,0.08956075728127687,0
752,0454-OKRCT,0.892823766609305,0.10717623339069475,0
753,0637-YLETY,0.5110177837625003,0.4889822162374998,0
754,4335-UPJSI,0.9804904422581986,0.01950955774180134,0
755,8439-LTUGF,0.9419772849491168,0.05802271505088303,0
756,7234-FECYN,0.26853906672390054,0.7314609332760993,1
757,7703-ZEKEF,0.5302031237423045,0.46979687625769545,0
758,9435-JMLSX,0.994422586921188,0.0055774130788119455,0
759,0956-SYCWG,0.8870660915239003,0.11293390847609988,0
760,0112-QWPNC,0.8896362072689381,0.11036379273106199,0
761,3580-REOAC,0.6884816951407684,0.3115183048592313,0
762,2138-VFAPZ,0.9670096643177363,0.03299033568226382,0
763,4140-MUHUG,0.2661988661472999,0.7338011338527,1
764,6849-OYAMU,0.7646132582838188,0.2353867417161811,0
765,8178-EYZUO,0.787615925964687,0.21238407403531262,0
766,6595-YGXIT,0.38347333333511224,0.6165266666648878,1
767,6859-QNXIQ,0.9687514459817552,0.031248554018244917,0
768,5522-JBWMO,0.4671031136075258,0.5328968863924741,1
769,4952-YSOGZ,0.3037622645875833,0.6962377354124163,1
770,6156-UZDLF,0.8453400287824215,0.1546599712175783,0
771,5886-VLQVU,0.6954131045625828,0.3045868954374172,0
772,4547-LYTDD,0.5686056728216006,0.4313943271783994,0
773,0431-APWVY,0.7853973435364697,0.2146026564635301,0
774,5474-LAMUQ,0.9913896948707182,0.00861030512928164,0
775,7973-DZRKH,0.9330279882974879,0.06697201170251216,0
776,6646-VRFOL,0.5167150342880249,0.48328496571197505,0
777,0103-CSITQ,0.7489568635202843,0.2510431364797157,0
778,2108-XWMPY,0.5197300045941445,0.4802699954058555,0
779,4081-DYXAV,0.7961115336613979,0.20388846633860186,0
780,5889-LFOLL,0.37494828852383966,0.6250517114761603,1
781,4565-NLZBV,0.992325909803631,0.007674090196368947,0
782,7439-DKZTW,0.1299380284567445,0.8700619715432554,1
783,8270-RKSAP,0.47022389015754684,0.5297761098424533,1
784,8882-TLVRW,0.9674882614264793,0.03251173857352076,0
785,7503-QQRVF,0.44043093215568313,0.5595690678443167,1
786,5309-TAIKL,0.7219979498568477,0.27800205014315205,0
787,8499-BRXTD,0.9904485613723558,0.009551438627644057,0
788,0547-HURJB,0.929379107772534,0.07062089222746584,0
789,9619-GSATL,0.9356811170645016,0.064318882935498,0
790,9408-SSNVZ,0.42421038448773274,0.5757896155122674,1
791,0843-WTBXE,0.7592831208190092,0.24071687918099097,0
792,7072-MBHEV,0.4401718754809851,0.559828124519015,1
793,8944-AILEF,0.8872414685678107,0.11275853143218907,0
794,2428-ZMCTB,0.8925884418083946,0.10741155819160517,0
795,9350-VLHMB,0.7210096225744945,0.2789903774255053,0
796,9067-YGSCA,0.9502376394922354,0.04976236050776419,0
797,8741-LQOBK,0.8012842999637284,0.19871570003627123,0
798,2277-DJJDL,0.6088837308892352,0.3911162691107647,0
799,9554-DFKIC,0.8348375466904517,0.16516245330954807,0
800,7764-BDPEE,0.9241714996613798,0.07582850033861993,0
801,7279-NMVJC,0.883786594295549,0.11621340570445109,0
802,5067-XJQFU,0.6627585019982298,0.33724149800177,0
803,1061-PNTHC,0.8077362689956444,0.1922637310043555,0
804,5583-EJXRD,0.945785952900658,0.05421404709934193,0
805,5130-YPIRV,0.9615753004187338,0.03842469958126594,0
806,2826-DXLQO,0.5704909105286142,0.4295090894713858,0
807,2014-MKGMH,0.6507259513167856,0.3492740486832143,0
808,3727-JEZTU,0.6784065850856623,0.32159341491433757,0
809,9593-CVZKR,0.9663812841166708,0.03361871588332893,0
810,3347-YJZZE,0.8692211342749784,0.13077886572502131,0
811,9822-OAOVB,0.39430497489363725,0.6056950251063625,1
812,2233-TXSIU,0.829149927187989,0.1708500728120109,0
813,4329-YPDDQ,0.6925624165967939,0.3074375834032062,0
814,1666-JZPZT,0.8857237145935956,0.11427628540640428,0
815,4881-GQJTW,0.8613350513392146,0.13866494866078516,0
816,2900-PHPLN,0.986036823799367,0.013963176200632916,0
817,1153-GNOLC,0.7224327115620238,0.277567288437976,0
818,8591-TKMZH,0.8802017576470071,0.11979824235299294,0
819,8387-UGUSU,0.9315217460232421,0.06847825397675786,0
820,0461-CVKMU,0.6794283932752485,0.32057160672475177,0
821,2831-EBWRN,0.46170158275672213,0.5382984172432776,1
822,8019-ENHXU,0.5748698610065134,0.42513013899348634,0
823,5170-PTRKA,0.9345379482028364,0.06546205179716359,0
824,5260-UMPWX,0.9521109361341373,0.047889063865862426,0
825,5684-FJVYR,0.9327854216391563,0.06721457836084345,0
826,3258-SYSWS,0.957061034595791,0.04293896540420909,0
827,6712-OAWRH,0.44893484128296235,0.5510651587170375,1
828,6982-UQZLY,0.6917613416460974,0.3082386583539026,0
829,5208-HFSBT,0.565894698443075,0.4341053015569248,0
830,2931-VUVJN,0.8451295526316035,0.15487044736839628,0
831,5549-ZGHFB,0.9765211829878786,0.0234788170121213,0
832,0524-IAVZO,0.479266327296185,0.520733672703815,1
833,2586-CWXVV,0.6129153728101491,0.38708462718985087,0
834,1591-NFNLQ,0.8100420101141244,0.1899579898858756,0
835,4750-UKWJK,0.9572288195946257,0.04277118040537431,0
836,5996-NRVXR,0.7970704048702525,0.2029295951297473,0
837,2832-KJCRD,0.48038592835554084,0.5196140716444592,1
838,9481-SFCQY,0.6812628116500165,0.31873718834998355,0
839,8748-HFWBO,0.9949418529963806,0.005058147003619317,0
840,2070-FNEXE,0.5595490695761637,0.44045093042383626,0
841,4486-EFAEB,0.9116956312473491,0.0883043687526505,0
842,6480-YAGIY,0.7927028754531684,0.20729712454683152,0
843,3426-NIYYL,0.6694635899747522,0.3305364100252481,0
844,0853-NWIFK,0.7516273368869407,0.24837266311305914,0
845,1299-AURJA,0.9970263205321857,0.002973679467814202,0
846,9534-NSXEM,0.9898760563163295,0.010123943683670368,0
847,3133-PZNSR,0.9316726972176538,0.06832730278234615,0
848,6847-KJLTS,0.6406354284360686,0.3593645715639315,0
849,2466-NEJOJ,0.9204219363184998,0.07957806368149997,0
850,3021-VLNRJ,0.9530261648518216,0.046973835148178135,0
851,8515-OCTJS,0.9765989933741556,0.023401006625844416,0
852,4290-BSXUX,0.3615252987947775,0.6384747012052224,1
853,9441-QHEVC,0.6912547224573717,0.3087452775426278,0
854,7096-ZNBZI,0.996299645025292,0.003700354974707779,0
855,5115-GZDEL,0.9927828480229298,0.007217151977069898,0
856,3106-ULWFW,0.4500598830375655,0.5499401169624345,1
857,8097-VBQTZ,0.9409440613932056,0.05905593860679395,0
858,4729-XKASR,0.39083553537758514,0.6091644646224149,1
859,6169-PGNCD,0.9788115438034457,0.02118845619655412,0
860,2504-DSHIH,0.42799251922699655,0.5720074807730033,1
861,5419-JPRRN,0.12456711191944846,0.8754328880805511,1
862,3104-OWCGK,0.7711249417749683,0.22887505822503162,0
863,0769-MURVM,0.992082363635217,0.007917636364783017,0
864,5693-PIPCS,0.8856881789419156,0.1143118210580842,0
865,7609-YBPXG,0.9693697319081539,0.030630268091845644,0
866,2691-NZETQ,0.3304057200623079,0.6695942799376918,1
867,5949-XIKAE,0.43416306483824463,0.5658369351617555,1
868,9776-CLUJA,0.6971571953654526,0.30284280463454727,0
869,9800-ONTFE,0.5846852191673765,0.4153147808326235,0
870,2984-MIIZL,0.32104303995244515,0.6789569600475548,1
871,9964-WBQDJ,0.9850235812711234,0.014976418728876506,0
872,5730-RIITO,0.6798397820794781,0.32016021792052163,0
873,7562-UXTPG,0.5417799996447049,0.45822000035529514,0
874,5281-BUZGT,0.6421517274822489,0.35784827251775125,0
875,3647-GMGDH,0.6483918645232873,0.35160813547671266,0
876,7130-YXBRO,0.6904360985201835,0.3095639014798165,0
877,9036-CSKBW,0.775527688521919,0.2244723114780811,0
878,6302-JGYRJ,0.9400644042985792,0.059935595701420874,0
879,2933-FILNV,0.5016413547306872,0.49835864526931284,0
880,8259-DZLIZ,0.9331393183866831,0.0668606816133168,0
881,4884-LEVMQ,0.9914347598241194,0.008565240175880532,0
882,1608-GMEWB,0.4851137886306234,0.5148862113693766,1
883,1163-ONYEY,0.866464769526192,0.13353523047380791,0
884,1410-RSCMR,0.7332019376816854,0.26679806231831443,0
885,1965-DDBWU,0.6024048924528645,0.3975951075471354,0
886,9851-QXEEQ,0.47842216844651153,0.5215778315534885,1
887,2061-VVFST,0.8524190640781459,0.14758093592185387,0
888,0701-RFGFI,0.5938867061037689,0.4061132938962311,0
889,8922-NPKBJ,0.9852920392027229,0.014707960797276882,0
890,7975-JMZNT,0.9640179064943719,0.03598209350562775,0
891,7156-MHUGY,0.3475545347200535,0.652445465279946,1
892,7669-LCRSD,0.7482446977591449,0.2517553022408549,0
893,8816-VXNZD,0.16404479983725093,0.8359552001627486,1
894,4431-EDMIQ,0.7377097503872717,0.2622902496127283,0
895,7033-CLAMM,0.9858963815099879,0.014103618490011984,0
896,4361-BKAXE,0.6870440719562667,0.31295592804373323,0
897,8626-PTQGE,0.9848710572737696,0.01512894272623056,0
898,3148-AOIQT,0.985664606912149,0.014335393087850866,0
899,0851-DFJKB,0.7120475064664697,0.28795249353353003,0
900,3352-RICWQ,0.9768536283541619,0.023146371645838094,0
901,6439-GTPCA,0.6312613113441853,0.36873868865581455,0
902,4464-JCOLN,0.9182505479544563,0.08174945204554357,0
903,3317-HRTNN,0.4691852449803537,0.5308147550196463,1
904,1421-HCERK,0.729636761874171,0.2703632381258285,0
905,0640-YJTPY,0.9982963853468426,0.0017036146531573568,0
906,2722-JMONI,0.5416934505856601,0.45830654941433985,0
907,3898-BSJYF,0.7991180087140007,0.20088199128599915,0
908,0862-PRCBS,0.8996872437227387,0.1003127562772608,0
909,6901-GOGZG,0.9536942178494892,0.04630578215051082,0
910,2848-YXSMW,0.9852713016342588,0.014728698365741066,0
911,4369-NYSCF,0.9280216336358578,0.07197836636414218,0
912,4672-FOTSD,0.7803123044374521,0.21968769556254755,0
913,7606-BPHHN,0.9920429056974724,0.007957094302527534,0
914,5931-FLJJF,0.452754392413877,0.5472456075861231,1
915,3808-HFKDE,0.6811985979541055,0.3188014020458945,0
916,9488-HGMJH,0.1943065172133115,0.8056934827866883,1
917,2019-HDCZY,0.7921849631883578,0.20781503681164204,0
918,8012-SOUDQ,0.5184733837122791,0.48152661628772087,0
919,8467-WYNSR,0.8396556796879123,0.16034432031208737,0
920,3677-IYRBF,0.2667202109598153,0.7332797890401845,1
921,7814-LEEVE,0.60619619724974,0.39380380275025995,0
922,9494-MRNYX,0.4799629530386082,0.5200370469613919,1
923,2798-NYLMZ,0.8258716920445892,0.1741283079554108,0
924,1304-SEGFY,0.8297952619071389,0.17020473809286066,0
925,1813-JYWTO,0.9451091538608055,0.054890846139194496,0
926,0233-FTHAV,0.8592583724444838,0.1407416275555161,0
927,5153-RTHKF,0.5379740015602453,0.4620259984397547,0
928,0254-KCJGT,0.9160406601999049,0.08395933980009467,0
929,0064-YIJGF,0.6267384020683078,0.3732615979316921,0
930,0866-QLSIR,0.9662341710208452,0.03376582897915477,0
931,3567-PQTSO,0.6487307759220307,0.35126922407796934,0
932,2160-GPFXD,0.9710149562921049,0.028985043707894807,0
933,7839-NUIAA,0.8968058829842681,0.10319411701573149,0
934,9237-HQITU,0.35016535541393423,0.6498346445860659,1
935,2858-EIMXH,0.739909340380577,0.26009065961942307,0
936,0235-KGSLC,0.2149064643724757,0.7850935356275238,1
937,9134-CEQMF,0.324132853709147,0.6758671462908526,1
938,2660-EMUBI,0.18997419615275304,0.8100258038472468,1
939,8480-PPONV,0.8972905021541451,0.10270949784585477,0
940,7137-NAXML,0.9759199566554615,0.024080043344538213,0
941,1640-PLFMP,0.20568443274756779,0.794315567252432,1
942,5616-PRTNT,0.9214408780655817,0.0785591219344181,0
943,4742-DRORA,0.8576321295483176,0.1423678704516825,0
944,6311-UEUME,0.5299630552954969,0.4700369447045032,0
945,1293-BSEUN,0.9885144203220346,0.011485579677965178,0
946,6235-VDHOM,0.5406149115961081,0.4593850884038918,0
947,1569-TTNYJ,0.2669641063443539,0.7330358936556464,1
948,5294-IMHHT,0.8359160305340203,0.16408396946597928,0
949,6907-NZZIJ,0.48857860118987423,0.5114213988101257,1
950,1272-ILHFG,0.9560618731876152,0.043938126812384785,0
951,3359-DSRKA,0.9777950875714521,0.022204912428547927,0
952,8573-JGCZW,0.9620527572997952,0.03794724270020458,0
953,2988-PLAHS,0.5793478497794672,0.42065215022053265,0
954,6877-LGWXO,0.5209379076671141,0.47906209233288577,0
955,7377-DMMRI,0.4911643736415958,0.508835626358404,1
956,1271-UODNO,0.9406265312491335,0.059373468750866444,0
957,5148-ORICT,0.9809829889592236,0.019017011040776233,0
958,3930-ZGWVE,0.66432376376783,0.3356762362321697,0
959,4223-WOZCM,0.4732490633651312,0.5267509366348688,1
960,8766-PAFNE,0.9872865788947155,0.012713421105284435,0
961,0570-BFQHT,0.4891917092892472,0.5108082907107527,1
962,0004-TLHLJ,0.3592827723094413,0.6407172276905587,1
963,9512-UIBFX,0.6652378996362168,0.3347621003637829,0
964,7880-XSOJX,0.6408844418528125,0.3591155581471874,0
965,0396-UKGAI,0.8416270194044075,0.15837298059559204,0
966,9638-JIQYA,0.45771409671118085,0.542285903288819,1
967,7568-PODML,0.3766617941294877,0.6233382058705123,1
968,9603-OAIHC,0.13438869095864808,0.8656113090413516,1
969,1696-MZVAU,0.8501928586164402,0.14980714138355952,0
970,5828-AVIPD,0.5728843861611577,0.42711561383884217,0
971,3785-NRHYR,0.6370007419925547,0.36299925800744504,0
972,6904-JLBGY,0.9763948841603345,0.023605115839665534,0
973,6557-BZXLQ,0.5538133945762457,0.4461866054237544,0
974,9365-CSLBQ,0.9846506496319982,0.015349350368001731,0
975,0691-NIKRI,0.7135625179411368,0.286437482058863,0
976,8089-UZWLX,0.8031551048278284,0.19684489517217163,0
977,5222-JCXZT,0.891207977137978,0.10879202286202169,0
978,7114-AEOZE,0.9835877133121602,0.01641228668783988,0
979,2890-WFBHU,0.9165665230614028,0.08343347693859673,0
980,8654-DHAOW,0.5375556083239058,0.4624443916760941,0
981,4900-MSOMT,0.9762979320450694,0.023702067954930735,0
982,9705-ZJBCG,0.8408717008031662,0.15912829919683388,0
983,9419-IPPBE,0.7211200903683577,0.27887990963164244,0
984,6384-VMJHP,0.980352897532118,0.019647102467882108,0
985,9881-VCZEP,0.827188158523613,0.17281184147638662,0
986,6933-FHBZC,0.9626838650842431,0.03731613491575688,0
987,4695-WJZUE,0.18097580073495811,0.8190241992650413,1
988,7537-RBWEA,0.4950248185429071,0.504975181457093,1
989,5649-RXQTV,0.5885802785207249,0.41141972147927497,0
990,0804-XBFBV,0.5435815296106908,0.456418470389309,0
991,6345-HOVES,0.7972867136963356,0.20271328630366423,0
992,7048-GXDAY,0.6844367416101211,0.3155632583898785,0
993,8735-IJJEG,0.700958526014221,0.29904147398577924,0
994,4118-CEVPF,0.7802519825291298,0.21974801747086992,0
995,9591-YVTEB,0.6364203939169834,0.36357960608301637,0
996,6242-FEGFD,0.9232024963457546,0.07679750365424509,0
997,3569-VLDHH,0.9416972978311202,0.0583027021688797,0
998,0347-UBKUZ,0.8771659113594965,0.12283408864050353,0
999,2984-RGEYA,0.9879788391632593,0.012021160836740626,0
1000,2604-IJPDU,0.6342032276063427,0.36579677239365715,0
1001,7208-PSIHR,0.8237923244437811,0.17620767555621875,0
1002,9798-DRYDS,0.8828177118163058,0.11718228818369417,0
1003,4023-RTIQM,0.7781272940250471,0.2218727059749526,0
1004,2834-JKOOW,0.8316496409468067,0.16835035905319334,0
1005,7627-JKIAZ,0.6565902519498974,0.34340974805010227,0
1006,4616-EWBNJ,0.8658920047332175,0.13410799526678255,0
1007,2159-TURXX,0.901981633671477,0.09801836632852284,0
1008,1265-HVPZB,0.9027426583820081,0.09725734161799185,0
1009,9888-ZCUMM,0.9821272924408659,0.017872707559133963,0
1010,3244-DCJWY,0.20568443274756779,0.794315567252432,1
1011,3230-IUALN,0.9723019451330486,0.027698054866951607,0
1012,5668-MEISB,0.9279451016437024,0.07205489835629762,0
1013,2720-FVBQP,0.6046042296977618,0.39539577030223794,0
1014,0960-HUWBM,0.8542189272526132,0.1457810727473864,0
1015,4302-ZYFEL,0.9855087709514279,0.014491229048572,0
1016,7284-BUYEC,0.5507835156268268,0.4492164843731733,0
1017,5673-FSSMF,0.46589909625910736,0.5341009037408925,1
1018,8868-WOZGU,0.4468465869017322,0.5531534130982678,1
1019,0363-SVHYR,0.9836488312300129,0.0163511687699871,0
1020,6229-UOLQL,0.8952845728985918,0.104715427101408,0
1021,2809-ILCYT,0.9580725115169774,0.04192748848302248,0
1022,5336-UFNZP,0.6745837797132246,0.325416220286775,0
1023,8387-MOJJT,0.7257493081905126,0.2742506918094875,0
1024,2272-UOINI,0.7622909196834803,0.23770908031651972,0
1025,3858-XHYJO,0.7544834634116998,0.24551653658829992,0
1026,5701-YVSVF,0.35501503461600786,0.6449849653839921,1
1027,1761-AEZZR,0.12106300969901641,0.8789369903009835,1
1028,0100-DUVFC,0.6991408039945245,0.3008591960054755,0
1029,0947-MUGVO,0.4505354560407862,0.5494645439592137,1
1030,0909-SELIE,0.9813150763513905,0.018684923648609398,0
1031,9058-HRZSV,0.8206514367181345,0.17934856328186566,0
1032,0997-YTLNY,0.8355400706287477,0.164459929371252,0
1033,1241-FPMOF,0.9516040947355786,0.048395905264421286,0
1034,5619-PTMIK,0.8565443570787769,0.14345564292122323,0
1035,9371-BITHB,0.9926928564418722,0.007307143558127658,0
1036,5998-VVEJY,0.6226780237188632,0.3773219762811371,0
1037,7698-YFGEZ,0.6629005848867331,0.3370994151132667,0
1038,0260-ZDLGK,0.742722601904624,0.2572773980953757,0
1039,5839-SUYVZ,0.6256612493148268,0.3743387506851732,0
1040,3629-ZNKXA,0.3573702937708002,0.6426297062291998,1
1041,4054-CUMIA,0.9323851384393856,0.06761486156061411,0
1042,9254-RBFON,0.7266295214438192,0.2733704785561809,0
1043,2749-CTKAJ,0.9987164648447628,0.0012835351552369777,0
1044,8295-KMENE,0.9749855205967793,0.02501447940322092,0
1045,6388-TABGU,0.9306567923019955,0.06934320769800437,0
1046,3530-CRZSB,0.9295927318725467,0.07040726812745313,0
1047,7312-XSBAT,0.5798793429399624,0.42012065706003765,0
1048,6230-BSUXY,0.11985348038330526,0.8801465196166949,1
1049,1582-RAFML,0.6384837878024618,0.36151621219753793,0
1050,0471-LVHGK,0.8525697149953221,0.14743028500467767,0
1051,7989-AWGEH,0.7944597137682051,0.2055402862317946,0
1052,6968-GMKPR,0.6871536791509816,0.3128463208490182,0
1053,9840-EFJQB,0.2273362324326742,0.7726637675673254,1
1054,3166-PNEOF,0.9557442022221878,0.04425579777781228,0
1055,4001-TSBTV,0.6981216370348258,0.30187836296517406,0
1056,8644-XLFBW,0.1783888032661368,0.8216111967338633,1
1057,2960-NKRSO,0.6714000139815519,0.32859998601844814,0
1058,5600-KTXFM,0.3274409309710082,0.6725590690289915,1
1059,9801-NOSHQ,0.9905800986116939,0.00941990138830581,0
1060,5183-SNMJQ,0.3930350293661064,0.6069649706338935,1
1061,7065-YUNRY,0.4755302883462926,0.5244697116537075,1
1062,6693-DJWTY,0.9431885694415091,0.056811430558490826,0
1063,5349-IECLD,0.23274869220006486,0.7672513077999349,1
1064,3865-ZFZIB,0.978109435385625,0.021890564614374938,0
1065,5686-CMAWK,0.7035479938179731,0.2964520061820267,0
1066,7207-RMRDB,0.572109412572395,0.4278905874276051,0
1067,1998-VHJHK,0.9874585236821504,0.01254147631784951,0
1068,8818-XYFCQ,0.6998504893798554,0.3001495106201446,0
1069,3533-UVMOM,0.9702363799278778,0.029763620072121872,0
1070,6064-PUPMC,0.9013864757048583,0.09861352429514157,0
1071,7734-DBOAI,0.48092551603040706,0.519074483969593,1
1072,3685-YLCMQ,0.5934370087197895,0.40656299128021023,0
1073,1304-BCCFO,0.7092100948200292,0.29078990517997055,0
1074,2114-MGINA,0.3972089189823521,0.6027910810176477,1
1075,2929-QNSRW,0.6837748060970388,0.31622519390296144,0
1076,3070-BDOQC,0.7795040457706726,0.2204959542293273,0
1077,1921-KYSAY,0.8907404556251118,0.10925954437488769,0
1078,1320-GVNHT,0.9226717713015519,0.07732822869844794,0
1079,6447-GORXK,0.7750324447560919,0.22496755524390802,0
1080,1751-NCDLI,0.45079574390152033,0.5492042560984798,1
1081,6823-SIDFQ,0.9787990388981487,0.02120096110185111,0
1082,0564-MUUQK,0.663852755264923,0.3361472447350768,0
1083,2817-LVCPP,0.9838896266582556,0.016110373341744418,0
1084,8780-IHCRN,0.9946144376648951,0.005385562335105038,0
1085,2911-WDXMV,0.6290507046650291,0.3709492953349708,0
1086,5296-PSYVW,0.984579187440553,0.01542081255944686,0
1087,9249-FXSCK,0.7664395745309182,0.23356042546908148,0
1088,0643-OKLRP,0.7022009807706815,0.2977990192293183,0
1089,5650-YLIBA,0.5215454112593441,0.47845458874065616,0
1090,6574-MCOEH,0.8619752389357264,0.13802476106427317,0
1091,3683-QKIUE,0.6750001969662851,0.3249998030337144,0
1092,0704-VCUMB,0.9890721538716005,0.01092784612839932,0
1093,7560-QJAVJ,0.9794840149829354,0.020515985017064645,0
1094,7950-XWOVN,0.7059160358798805,0.29408396412011933,0
1095,0058-EVZWM,0.8200539633978268,0.17994603660217368,0
1096,9086-YJYXS,0.8904902669927884,0.10950973300721162,0
1097,1345-GKDZZ,0.9350810622020883,0.0649189377979113,0
1098,6497-TILVL,0.786411325117776,0.21358867488222394,0
1099,8174-TBVCF,0.9428877568577206,0.05711224314227932,0
1100,6859-RKMZJ,0.6807908468915431,0.319209153108457,0
1101,1227-UDMZR,0.9790618335024943,0.020938166497505656,0
1102,6339-DKLMK,0.5621697787516348,0.4378302212483652,0
1103,6650-VJONK,0.4729585720763562,0.5270414279236436,1
1104,2485-ITVKB,0.3047215355360432,0.6952784644639567,1
1105,8835-VSDSE,0.39237751136932,0.60762248863068,1
1106,3724-BSCVH,0.9864927143793634,0.013507285620636666,0
1107,2344-JMOGN,0.41126481705774226,0.5887351829422578,1
1108,6015-VVHHE,0.3123747374987945,0.6876252625012056,1
1109,1530-ZTDOZ,0.8456036728122348,0.15439632718776503,0
1110,4878-BUNFV,0.997609442225945,0.0023905577740548946,0
1111,3209-ZPKFI,0.8208089347636373,0.17919106523636297,0
1112,3727-OVPRY,0.9590887546387645,0.040911245361235374,0
1113,9061-TIHDA,0.2756106563558313,0.7243893436441684,1
1114,3873-NFTGI,0.709738260564201,0.290261739435799,0
1115,5630-IXDXV,0.4894119144804764,0.5105880855195235,1
1116,7255-SSFBC,0.9043622113818531,0.09563778861814663,0
1117,4450-MDZFX,0.7789277239223558,0.22107227607764407,0
1118,4702-HDRKD,0.9426384007505478,0.057361599249451896,0
1119,0112-QAWRZ,0.5001795150721741,0.4998204849278258,0
1120,6394-HHHZM,0.9168886439058003,0.08311135609419948,0
1121,8311-UEUAB,0.9450364969855043,0.0549635030144958,0
1122,7339-POGZN,0.539380561793259,0.4606194382067409,0
1123,2673-ZALNP,0.9565637530642802,0.043436246935719555,0
1124,4872-JCVCA,0.9725206418152293,0.02747935818477056,0
1125,7526-BEZQB,0.26306988691707583,0.7369301130829239,1
1126,0096-BXERS,0.6354770754637843,0.3645229245362156,0
1127,9348-ROUAI,0.9416571993285183,0.05834280067148162,0
1128,8685-WHQPW,0.48739982121883046,0.5126001787811695,1
1129,9547-ITEFG,0.32072198952944464,0.6792780104705554,1
1130,7089-IVVAZ,0.3307417836713804,0.6692582163286193,1
1131,2121-JAFOM,0.9846544203547052,0.015345579645294857,0
1132,3045-XETSH,0.30055894834210145,0.6994410516578984,1
1133,3680-CTHUH,0.842610120624564,0.15738987937543583,0
1134,4727-MCYZG,0.44572434647265774,0.5542756535273423,1
1135,5600-PDUJF,0.7098427228124434,0.2901572771875563,0
1136,9860-LISIZ,0.9453519944514478,0.05464800554855202,0
1137,9483-GCPWE,0.9785270097115059,0.02147299028849401,0
1138,2208-UGTGR,0.5845682355010483,0.4154317644989516,0
1139,3886-CERTZ,0.6836322582375958,0.3163677417624044,0
1140,6900-RBKER,0.8805956573277645,0.11940434267223544,0
1141,3422-GALYP,0.24448345234084506,0.7555165476591545,1
1142,3190-XFANI,0.7447489113586692,0.2552510886413307,0
1143,3506-LCJDC,0.6910674086420147,0.308932591357985,0
1144,1447-PJGGA,0.7858457655014337,0.21415423449856608,0
1145,4524-QCSSM,0.7565832299012811,0.24341677009871854,0
1146,5056-FIMPT,0.7806162732001155,0.21938372679988422,0
1147,7665-VIGUD,0.9699813504322732,0.030018649567726395,0
1148,6437-UKHMV,0.3495189128994675,0.6504810871005325,1
1149,7564-GHCVB,0.9462368594885112,0.053763140511488866,0
1150,0854-UYHZD,0.9856869616874951,0.014313038312504765,0
1151,8903-XEBGX,0.44212627250360775,0.5578737274963921,1
1152,8430-TWCBX,0.9447617661453432,0.055238233854656545,0
1153,0023-UYUPN,0.9344966943411029,0.06550330565889714,0
1154,5961-VUSRV,0.8937161698496319,0.10628383015036817,0
1155,3590-TCXTB,0.7813070413542085,0.21869295864579097,0
1156,7083-YNSKY,0.90491923423095,0.09508076576904967,0
1157,7595-EHCDL,0.8373362820609236,0.16266371793907633,0
1158,5980-NOPLP,0.5103888828744959,0.48961111712550415,0
1159,7036-ZZKBD,0.908487193792699,0.09151280620730073,0
1160,2314-TNDJQ,0.9556176652052758,0.04438233479472391,0
1161,9544-PYPSJ,0.7408280338521002,0.2591719661478996,0
1162,0098-BOWSO,0.9232739846360797,0.07672601536391994,0
1163,2190-BCXEC,0.7135214687859146,0.28647853121408523,0
1164,4859-ZSRDZ,0.9338444947200714,0.06615550527992853,0
1165,4446-BZKHU,0.5690537984443685,0.43094620155563157,0
1166,3034-ZBEQN,0.8767868821060403,0.12321311789395972,0
1167,3338-CVVEH,0.35534813336384247,0.6446518666361573,1
1168,0459-SPZHJ,0.9575303051929015,0.042469694807098446,0
1169,4647-XXZAM,0.6676009869779684,0.3323990130220315,0
1170,6505-OZNPG,0.8311647886563104,0.1688352113436896,0
1171,1000-AJSLD,0.5962131198000444,0.4037868801999555,0
1172,9065-ZCPQX,0.9926792583922982,0.007320741607701699,0
1173,1170-SASML,0.7407168692611793,0.2592831307388204,0
1174,5599-HVLTW,0.3236717191870691,0.676328280812931,1
1175,3963-RYFNS,0.9774715357322531,0.022528464267746955,0
1176,6719-OXYBR,0.5090505792865918,0.4909494207134082,0
1177,4933-IKULF,0.9281983168513738,0.07180168314862605,0
1178,2057-ZBLPD,0.5032539540785901,0.4967460459214099,0
1179,3672-YITQD,0.39121551050318987,0.6087844894968101,1
1180,4578-PHJYZ,0.9453048800222077,0.05469511997779215,0
1181,3891-PUQOD,0.45862282225241635,0.5413771777475835,1
1182,8148-NLEGT,0.9775648238612455,0.022435176138754273,0
1183,6134-KWTBV,0.9916737402889655,0.008326259711034387,0
1184,1442-OKRJE,0.8441849723503364,0.15581502764966362,0
1185,5204-HMGYF,0.9310713106349556,0.06892868936504422,0
1186,7926-IJOOU,0.7248739105049231,0.27512608949507655,0
1187,9540-JYROE,0.5157454993987207,0.4842545006012793,0
1188,3507-GASNP,0.9566903697158357,0.043309630284163986,0
1189,0295-QVKPB,0.7491557381037104,0.2508442618962892,0
1190,6234-RAAPL,0.9289899843186223,0.07101001568137741,0
1191,2892-GESUL,0.9743226689507586,0.02567733104924135,0
1192,3334-CTHOL,0.4925796518762084,0.5074203481237916,1
1193,1254-IZEYF,0.4304484585176058,0.5695515414823942,1
1194,3132-TVFDZ,0.6451453585497546,0.35485464145024553,0
1195,5989-PGKJB,0.43539254253197407,0.5646074574680258,1
1196,2758-RNWXS,0.7959377750191073,0.20406222498089233,0
1197,3523-QRQLL,0.8793287467328544,0.12067125326714531,0
1198,1545-JFUML,0.9047592043378425,0.09524079566215748,0
1199,5760-FXFVO,0.5428662195077368,0.4571337804922632,0
1200,2931-XIQBR,0.8474460951693112,0.1525539048306888,0
1201,7233-PAHHL,0.9593136116660552,0.04068638833394481,0
1202,7587-AOVVU,0.6420498239816211,0.35795017601837886,0
1203,7359-PTSXY,0.45615944110704393,0.543840558892956,1
1204,4597-NUCQV,0.37396718589301636,0.6260328141069835,1
1205,7729-JTEEC,0.40113695088197027,0.5988630491180299,1
1206,8106-GWQOK,0.9511827414978938,0.04881725850210615,0
1207,2239-CFOUJ,0.8032146469632889,0.19678535303671063,0
1208,4360-QRAVE,0.6368226659922258,0.3631773340077741,0
1209,2538-OIMXF,0.5936222950662988,0.4063777049337011,0
1210,9367-OIUXP,0.9314165121024938,0.06858348789750587,0
1211,4002-BQWPQ,0.880464119063877,0.1195358809361229,0
1212,6516-NKQBO,0.925729970823237,0.07427002917676291,0
1213,5295-PCJOO,0.5471727006044349,0.45282729939556526,0
1214,0277-ORXQS,0.9555771376148506,0.04442286238514925,0
1215,6199-IWKGC,0.6778041779300717,0.322195822069928,0
1216,6435-SRWBJ,0.3596113710018144,0.6403886289981857,1
1217,7826-VVKWT,0.6773472651689127,0.3226527348310871,0
1218,4821-SJHJV,0.6897164751567203,0.31028352484327976,0
1219,2718-GAXQD,0.5014474234175255,0.4985525765824746,0
1220,7853-WNZSY,0.6365695999420447,0.363430400057955,0
1221,5144-TVGLP,0.4924618914579088,0.5075381085420912,1
1222,7971-HLVXI,0.8768799159370632,0.12312008406293673,0
1223,5732-IKGQH,0.7584057927869249,0.2415942072130749,0
1224,9817-APLHW,0.8573593304450149,0.14264066955498486,0
1225,5546-QUERU,0.9685926376909174,0.03140736230908236,0
1226,3831-YCPUO,0.9712139904821123,0.028786009517887803,0
1227,4919-MOAVT,0.47936900051342995,0.5206309994865701,1
1228,5949-HGVJL,0.8480625691166334,0.1519374308833663,0
1229,9174-FKWZE,0.6656943577611991,0.3343056422388009,0
1230,5712-AHQNN,0.6383736557285565,0.3616263442714435,0
1231,3442-ZHHCC,0.9166043436697656,0.08339565633023406,0
1232,9863-JZAIC,0.913128267432099,0.08687173256790084,0
1233,2154-KVJFF,0.40130922389469836,0.5986907761053017,1
1234,3934-HXCFZ,0.5667320885230638,0.433267911476936,0
1235,4083-EUGRJ,0.9455611893912004,0.05443881060879927,0
1236,8364-TRMMK,0.49468946602133007,0.5053105339786699,1
1237,3640-PHQXK,0.528800102414566,0.47119989758543407,0
1238,9351-LZYGF,0.8969144437736964,0.10308555622630321,0
1239,5442-PPTJY,0.9826047372088276,0.01739526279117233,0
1240,2860-RANUS,0.4615534357009639,0.5384465642990361,1
1241,3797-FKOGQ,0.4721162928602787,0.5278837071397212,1
1242,9150-KPBJQ,0.9173045923299111,0.08269540767008865,0
1243,4603-JANFB,0.13413690474811518,0.8658630952518847,1
1244,9621-OUPYD,0.9653253483101758,0.034674651689824004,0
1245,8144-DGHXP,0.9423531560228027,0.057646843977197174,0
1246,7787-BNTZM,0.8761437618577219,0.12385623814227781,0
1247,9824-BEMCV,0.5875012581185299,0.41249874188147023,0
1248,9626-WEQRM,0.5611029921751006,0.4388970078248993,0
1249,0201-MIBOL,0.8177630624901587,0.18223693750984132,0
1250,8720-RQSBJ,0.47892580197363366,0.5210741980263663,1
1251,5006-MXVRN,0.9955251907726429,0.004474809227357033,0
1252,7524-VRLPL,0.9446616876726703,0.05533831232732961,0
1253,9391-TTOYH,0.9144644583140382,0.08553554168596157,0
1254,2729-VNVAP,0.9878056878937689,0.012194312106231031,0
1255,4128-ETESU,0.5636234025002149,0.4363765974997849,0
1256,5196-WPYOW,0.948324657910106,0.05167534208989369,0
1257,2294-DMMUS,0.8450313988405301,0.15496860115946962,0
1258,8961-QDZZJ,0.7466453229514198,0.25335467704858017,0
1259,0269-XFESX,0.9857012154713172,0.014298784528682662,0
1260,2535-PBCGC,0.985677171157444,0.01432282884255614,0
1261,9233-PSYHO,0.7222556466428612,0.2777443533571386,0
1262,6726-WEXXK,0.6002528613197944,0.39974713868020556,0
1263,1877-HKBQX,0.8491662106788297,0.15083378932117042,0
1264,2115-BFTIW,0.7608824304554002,0.23911756954459962,0
1265,8714-CTZJW,0.2918701864399512,0.7081298135600487,1
1266,0259-GBZSH,0.25184051845124494,0.7481594815487544,1
1267,7278-CKDNC,0.3503413236407667,0.6496586763592331,1
1268,9194-GFVOI,0.938212346848596,0.061787653151403665,0
1269,7622-FWGEW,0.9357969158569627,0.06420308414303699,0
1270,7554-NEWDD,0.9468698877681105,0.05313011223188924,0
1271,6919-ELBGL,0.9600583061451657,0.03994169385483432,0
1272,7131-ZQZNK,0.9660804209154884,0.03391957908451157,0
1273,9993-LHIEB,0.9856050330837806,0.014394966916219385,0
1274,4547-KQRTM,0.47738741289982956,0.5226125871001704,1
1275,6374-AFWOX,0.9578777826908106,0.04212221730918914,0
1276,4143-OOBWZ,0.2616925512550606,0.7383074487449397,1
1277,6218-KNUBD,0.7738506621929063,0.22614933780709354,0
1278,5032-USPKF,0.8555391005937371,0.1444608994062626,0
1279,0709-TVGUR,0.370491750755941,0.6295082492440588,1
1280,4742-TXUEX,0.9842031889457624,0.015796811054237504,0
1281,5249-QYHEX,0.9503172073140789,0.04968279268592116,0
1282,2293-IJWPS,0.7872678745466586,0.21273212545334136,0
1283,9500-IWPXQ,0.9325062785813664,0.06749372141863369,0
1284,6954-OOYZZ,0.7405229679656661,0.259477032034334,0
1285,9680-NIAUV,0.9550683107734652,0.044931689226534795,0
1286,8563-OYMQY,0.5684706171654493,0.43152938283455067,0
1287,3070-DVEYC,0.4096528017510331,0.5903471982489669,1
1288,4667-OHGKG,0.6321076584523134,0.36789234154768635,0
1289,7321-ZNSLA,0.9041844347655228,0.095815565234477,0
1290,3629-WEAAM,0.7780021195553855,0.22199788044461435,0
1291,8617-ENBDS,0.37250464140339923,0.6274953585966008,1
1292,2740-JFBOK,0.8930962225416184,0.10690377745838121,0
1293,7601-WFVZV,0.6734526878818966,0.326547312118103,0
1294,7359-SSBJK,0.9529677159994084,0.047032284000591264,0
1295,8884-MRNSU,0.9597737918285495,0.04022620817145065,0
1296,6670-MFRPK,0.9040425737623802,0.09595742623761976,0
1297,5583-SXDAG,0.19799553073561196,0.8020044692643876,1
1298,3481-JHUZH,0.5994983041705646,0.4005016958294354,0
1299,2129-ALKBS,0.9492442873514535,0.05075571264854622,0
1300,2521-NPUZR,0.937607122923566,0.06239287707643412,0
1301,6050-IJRHS,0.7187378990794697,0.28126210092053017,0
1302,9097-ZUBYC,0.7206729066938605,0.27932709330613986,0
1303,8620-RJPZN,0.6960363451448502,0.30396365485514987,0
1304,8930-XOTDP,0.8204527999879858,0.17954720001201377,0
1305,2307-FYNNL,0.8376429993075234,0.16235700069247624,0
1306,0898-XCGTF,0.7580470854635231,0.2419529145364769,0
1307,2073-QBVBI,0.8429390247726315,0.15706097522736814,0
1308,4550-VBOFE,0.62498960114045,0.37501039885955,0
1309,7074-IEVOJ,0.24051543633855574,0.7594845636614442,1
1310,7609-NRNCA,0.9510271717444907,0.048972828255509304,0
1311,1696-HXOWK,0.9321688109820603,0.06783118901793979,0
1312,8665-UTDHZ,0.46910370936215423,0.5308962906378457,1
1313,5753-QQWPW,0.9366842581704075,0.06331574182959228,0
1314,7401-JIXNM,0.938200628121947,0.061799371878052824,0
1315,5173-ZXXXL,0.9401203426277198,0.05987965737227972,0
1316,9462-MJUAW,0.5344075468056434,0.4655924531943566,0
1317,9873-MNDKV,0.6903415919909313,0.30965840800906824,0
1318,4194-WHFCB,0.7868860679538203,0.2131139320461793,0
1319,7249-WBIYX,0.3230231341896729,0.6769768658103267,1
1320,5529-GIBVH,0.9882716975324074,0.01172830246759262,0
1321,1767-CJKBA,0.9832799096845717,0.016720090315428135,0
1322,6210-KBBPI,0.26998791222337376,0.7300120877766263,1
1323,5151-HQRDG,0.8798167318407373,0.12018326815926239,0
1324,8565-HBFNN,0.8612688745359689,0.13873112546403085,0
1325,6856-RAURS,0.2502527629613194,0.7497472370386802,1
1326,0040-HALCW,0.9797780300362642,0.02022196996373595,0
1327,6575-SUVOI,0.7998815417113717,0.20011845828862826,0
1328,9957-YODKZ,0.25694194635386813,0.7430580536461318,1
1329,5947-SGKCL,0.41333046913559124,0.5866695308644087,1
1330,3164-AALRN,0.6853674929323526,0.31463250706764717,0
1331,3733-ZEECP,0.7247275358149748,0.27527246418502543,0
1332,7164-BPTUT,0.9679171116027583,0.03208288839724171,0
1333,0322-CHQRU,0.4998551957928194,0.5001448042071807,1
1334,1402-PTHGN,0.8914686387677959,0.10853136123220417,0
1335,8191-XWSZG,0.9529934898891009,0.04700651011089876,0
1336,6522-OIQSX,0.951126723328119,0.04887327667188094,0
1337,0257-ZESQC,0.6095397938440512,0.3904602061559487,0
1338,5908-QMGOE,0.417353650110633,0.5826463498893668,1
1339,7103-ZGVNT,0.9499945111709515,0.05000548882904818,0
1340,7996-BPXHY,0.9540001352587919,0.045999864741208214,0
1341,8750-QWZAJ,0.9937783521502723,0.006221647849727636,0
1342,5027-XWQHA,0.6184088914139063,0.3815911085860937,0
1343,7534-BFESC,0.3594904832959857,0.640509516704014,1
1344,3774-VBNXY,0.9943441651648979,0.005655834835101896,0
1345,7517-SAWMO,0.6591825004027779,0.3408174995972219,0
1346,4576-CSAJH,0.8932750413919234,0.10672495860807629,0
1347,4350-ZTLPI,0.7295332625433091,0.270466737456691,0
1348,4074-SJFFA,0.41994313758218355,0.5800568624178164,1
1349,4818-QIUFN,0.5533245570977171,0.4466754429022827,0
1350,4821-WQOYN,0.9864976791594703,0.013502320840529937,0
1351,8260-NGFNY,0.5976408723415628,0.40235912765843723,0
1352,5356-KZCKT,0.9649204752897158,0.03507952471028403,0
1353,5868-CZJDR,0.49129524232298927,0.5087047576770108,1
1354,2937-FTHUR,0.7955137744002553,0.20448622559974403,0
1355,9027-TMATR,0.9385109270016249,0.061489072998375034,0
1356,0019-GFNTW,0.9460971602378592,0.05390283976214052,0
1357,6169-PPETC,0.9939618262925569,0.006038173707443163,0
1358,7115-IRDHS,0.997923205509953,0.0020767944900468714,0
1359,0376-YMCJC,0.601672896537184,0.3983271034628161,0
1360,3648-GZPHF,0.9045868642484619,0.09541313575153762,0
1361,4581-SSPWD,0.29871227266357225,0.7012877273364275,1
1362,6145-NNPNO,0.5257557944411806,0.4742442055588193,0
1363,8981-FJGLA,0.5001529332613427,0.4998470667386573,0
1364,1670-SVOWZ,0.5414082811267857,0.45859171887321437,0
1365,6000-UKLWI,0.9921490217810962,0.007850978218903735,0
1366,6112-KTHFQ,0.886238368608875,0.11376163139112513,0
1367,1310-QRITU,0.6785079307675557,0.32149206923244444,0
1368,6135-OZQVA,0.7528192556416529,0.2471807443583471,0
1369,4385-GZQXV,0.37688203369381923,0.6231179663061807,1
1370,6518-PPLMZ,0.9631535479207891,0.036846452079210695,0
1371,6693-FRIRW,0.6254404145730538,0.37455958542694634,0
1372,1342-JPNKI,0.3470507152571151,0.6529492847428847,1
1373,1024-KPRBB,0.8021659410923724,0.19783405890762729,0
1374,8486-AYEQH,0.48910365402222716,0.5108963459777729,1
1375,5383-MMTWC,0.31267410581474736,0.6873258941852523,1
1376,2495-TTHBQ,0.948113979390453,0.05188602060954673,0
1377,9746-MDMBK,0.7591653523703217,0.24083464762967854,0
1378,5322-ZSMZY,0.975418296512652,0.024581703487348196,0
1379,2541-YGPKE,0.925067884940995,0.07493211505900492,0
1380,0513-RBGPE,0.9582549906232721,0.041745009376727676,0
1381,1480-IVEVR,0.6699853882562057,0.3300146117437941,0
1382,7825-ECJRF,0.5704561120372827,0.4295438879627173,0
1383,8213-TAZPM,0.8461996329155324,0.15380036708446743,0
1384,0011-IGKFF,0.2986104220253829,0.7013895779746169,1
1385,2296-DKZFP,0.9541752082469667,0.04582479175303296,0
1386,7544-ZVIKX,0.7682085160288153,0.23179148397118446,0
1387,1850-AKQEP,0.9607111028845439,0.039288897115456065,0
1388,8232-UTFOZ,0.994872600687826,0.005127399312173989,0
1389,5028-HTLJB,0.701455282423389,0.2985447175766107,0
1390,5143-EGQFK,0.5205427083965765,0.47945729160342354,0
1391,0228-MAUWC,0.7750938447594029,0.22490615524059676,0
1392,2988-GBIVW,0.8275095150824506,0.17249048491754915,0
1393,8443-ZRDBZ,0.25936082730261584,0.740639172697384,1
1394,5707-ZMDJP,0.9753970652002785,0.024602934799721404,0
1395,6572-ADKRS,0.7568544342587887,0.24314556574121096,0
1396,3278-FSIXX,0.4795626218634391,0.5204373781365609,1
1397,3893-JRNFS,0.8299279171347682,0.17007208286523182,0
1398,0512-FLFDW,0.8172854346936198,0.18271456530638033,0
1399,7480-QNVZJ,0.44321051659525884,0.5567894834047411,1
1400,6745-JEFZB,0.7148436380163187,0.2851563619836815,0
1401,6654-QGBZZ,0.6646605981504495,0.3353394018495506,0
1402,2833-SLKDQ,0.538840502984693,0.461159497015307,0
1403,0644-OQMDK,0.4031244731841353,0.5968755268158646,1
1404,2632-UCGVD,0.7437672643358603,0.2562327356641394,0
1405,4671-VJLCL,0.969454747095905,0.03054525290409493,0
1406,7080-TNUWP,0.8332376540083314,0.16676234599166853,0
